entropy,std,spread,ood_score,reject_flag
0.14060120639433946,0.01564178979993433,0.04071348171335182,0.034112720930745515,0
0.24615943725612177,0.07451607088434578,0.19895834289491177,0.9999997415777354,0
0.6315439492485803,0.1277020746241245,0.3682971785848329,1.0,1
0.2226736646768389,0.022206355959962367,0.06102622830481565,0.04803255202523015,0
0.6389366040797947,0.07620091407632822,0.2110108733177185,0.9999999083936286,0
0.07978035850851913,0.018403548121180342,0.05328422295860946,0.037488203814261586,0
0.225284578226464,0.05843577066009776,0.15284686299657618,0.9987594251816576,0
0.016412086174111443,0.004240018561425076,0.012097537517547607,0.05000082538613895,0
0.6230596984950073,0.10179723014572886,0.2745879888534546,0.9999999999999996,0
0.3087153717425232,0.15054618641570428,0.4409466354220608,1.0,1
0.16040293311036077,0.015207103966249493,0.04119051620364189,0.03383397105057894,0
0.1428373789368156,0.02304090494371817,0.06083571119233966,0.051632099300530886,0
0.15570153402710385,0.019258418397065418,0.055430529871955514,0.039171108640905436,0
0.02714974736113431,0.004141763056473112,0.010339438121418354,0.05043276251824378,0
0.38916045993932497,0.06070903168119704,0.193118155002594,0.9995622255321684,0
0.09890623434467476,0.0201550138322765,0.053634810494259,0.04132212916074211,0
0.26684255213472524,0.11250396645330063,0.3242204459980388,1.0,1
0.13357497100991864,0.021532357757573232,0.05887349982717732,0.045519854055773384,0
0.16025019601803772,0.021132111182602824,0.0633576154583203,0.04417765388537295,0
0.07433164894136622,0.018671356825383057,0.052893921034410596,0.03797922822829226,0
0.305044306576721,0.05210015116852262,0.15605569562275995,0.9829911015687413,0
0.6035978559834362,0.14007710123184208,0.42719514563439165,1.0,1
0.15661774421108401,0.01860894132662935,0.050040878090149656,0.03786191877155379,0
0.27504865892606695,0.025115482964287072,0.0693863066198632,0.06347480563997207,0
0.3491407173865819,0.02286520449568289,0.06931919201256409,0.050825897966270135,0
0.2992102624732927,0.0929398146254086,0.2356107358531112,0.9999999999993374,0
0.27311861895390804,0.05920818575871775,0.16882616695463926,0.999124093331253,0
0.027937009955158982,0.004427129784538874,0.01317579083113174,0.04920036645230224,0
0.07038598561234084,0.010837976557037875,0.02983534336090088,0.03446018035666708,0
0.6501348882096519,0.07899903732090428,0.2588637683511723,0.9999999846246739,0
0.6611492364696526,0.11135172681919614,0.3114452783869382,1.0,1
0.566729719220532,0.23164266640861242,0.7334645931442872,1.0,1
0.013547530332933641,0.0034812682996417537,0.009896397590637207,0.05355542649713088,0
0.3148884869906727,0.10271854215275314,0.30488138083931293,0.9999999999999998,0
0.01980740982776742,0.0036534120682205637,0.009409129619598389,0.05270354767161587,0
0.33356501179632964,0.023121328460277313,0.07115360275404117,0.052010193156276516,0
0.0333589035438964,0.0037843103418056705,0.010155481931587884,0.05207409477659817,0
0.3121324828335492,0.05728347562733051,0.1570694344510973,0.9979383142196236,0
0.15091475006766794,0.016851118231541676,0.04868027754127979,0.035234422157827676,0
0.019765861038563107,0.0026833024050769037,0.007959306240081787,0.05788608392859412,0
0.12286965622359836,0.015270889262394872,0.048699353355914354,0.03387088691449095,0
0.014260277283076805,0.0029753998617243907,0.00834113359451294,0.0562249683870629,0
0.07398108519540812,0.021970688607708833,0.062314413487911224,0.0471162777328804,0
0.16201936580428464,0.045185330895403976,0.10812244634144008,0.837201686142653,0
0.09321516588197153,0.016229808571057134,0.051612317794933915,0.03459304566733649,0
0.01401217743778322,0.0031567081001132075,0.009056150913238525,0.05523881745769072,0
0.012354810363283161,0.0028694338976923994,0.008121013641357422,0.0568170794010247,0
0.18920428418601576,0.022288589308532215,0.05637100341627888,0.048362221139106244,0
0.009825229402712838,0.0031670490921465533,0.008687198162078857,0.0551835793369829,0
0.23638972079789325,0.032700572839193906,0.08353551477193832,0.178539196143624,0
0.013160437724604653,0.0037126013122918025,0.010416209697723389,0.05241698997960982,0
0.21134902943712933,0.032735035475174874,0.08517051099499828,0.17950921923324945,0
0.01794916901407447,0.006572757446186023,0.018034636974334717,0.0418370651205688,0
0.6356742224413559,0.1441937242108344,0.43173288440674906,1.0,1
0.2445706028385659,0.026577394640818423,0.0756346819310538,0.07505895327811117,0
0.08140594151749757,0.016534929961947577,0.04821003880351782,0.0348904463593732,0
0.4070107738477538,0.023879008906051026,0.07142931953463028,0.05586918406113762,0
0.1334609956962083,0.011270303106036904,0.034865785390138626,0.034117747323589034,0
0.21099321084467224,0.04853547762683144,0.14871024619787931,0.93993035151026,0
0.17936838130381472,0.0370515385896448,0.095703215309311,0.3544263184067912,0
0.4468518030385935,0.06866014539197383,0.1897682547569275,0.999992371834567,0
0.2944495683724962,0.05044947365518553,0.14792966842651367,0.9688148168671008,0
0.16236026044152527,0.020347902776261743,0.054510087706148624,0.04184131941676175,0
0.678774407691626,0.07514971880854322,0.2383748141672135,0.9999998244596287,0
0.021961519299221337,0.0041888895164131565,0.011911928653717041,0.05022458110305693,0
0.12315337351061807,0.020824045482449673,0.059110288275405765,0.04321520786521841,0
0.09071559638223366,0.015566914400701268,0.04839438060298562,0.0340601409342564,0
0.2611719226083944,0.08539885028316382,0.23809446394443512,0.9999999998063955,0
0.18834675447037227,0.017601970995764837,0.05438160786391723,0.03620314470789657,0
0.012836455211249272,0.0028854535284234223,0.008372187614440918,0.056726807874607266,0
0.6727663261439568,0.09896074772408854,0.31778410464069395,0.9999999999999952,0
0.2904092181974949,0.04222998116069699,0.10681083547467579,0.6788718770199894,0
0.009274829948128586,0.0030374280043664378,0.008306562900543213,0.0558838018223205,0
0.2647507483794124,0.05807247807952105,0.14677947264863012,0.9985418239865278,0
0.3270051774330807,0.23199205971841966,0.6501766631229967,1.0,1
0.054997159753705394,0.008028537099279953,0.02312909376785577,0.03840535214629707,0
0.20511155692882754,0.051472029493928255,0.11860600655691989,0.978489446347435,0
0.10998051990732409,0.020662324049370705,0.05875794915482402,0.04273346048212911,0
0.5676967799895247,0.1619901012838966,0.5027790966729432,1.0,1
0.13424246530300518,0.020117907066107443,0.05589450258656517,0.041224637262868874,0
0.0102387689346629,0.003005224349147865,0.008348166942596436,0.05606043153717995,0
0.272574014934887,0.034549451145253346,0.09443610104171535,0.23948285024058955,0
0.01087519306334104,0.0027851484186646636,0.007883727550506592,0.05729653086431629,0
0.1908854244214404,0.02087727338985583,0.05496719310608002,0.043377258739435216,0
0.6598947357238082,0.11732877894330199,0.33503409361932973,1.0,1
0.33146346631536777,0.041764750310707775,0.11788979545235634,0.6494368272622562,0
0.6424156122370954,0.151874993517008,0.3870912790298462,1.0,1
0.16638749389728327,0.021008068745558495,0.05802410375326872,0.04378293925993459,0
0.10093709762547044,0.017454263254025625,0.04987869272008538,0.03599519986076414,0
0.1831011960725726,0.025068782908531723,0.06765594059882127,0.06315442537154507,0
0.22650870430214728,0.025688252504738444,0.08274661935865879,0.06764045797796192,0
0.22990252974864722,0.036136105237908056,0.11102217525490873,0.3078396313843268,0
0.016159156993150656,0.004214751868685919,0.011940181255340576,0.050111126917258775,0
0.18258987000076513,0.019961130917455827,0.058640227369479755,0.04082107566510081,0
0.19515455379556992,0.014626697711957305,0.04499819502234459,0.033560083219721724,0
0.30005500970361343,0.13986198289817384,0.4021261241286993,1.0,1
0.11943699750714813,0.018355354700322093,0.056666452437639236,0.03740321801403905,0
0.11479340097856573,0.019387039809819574,0.056836524745449424,0.03945433583184336,0
0.16898551174530574,0.02083482900396884,0.05447066202759743,0.043247897069348555,0
0.016604443317553366,0.0028574362552563023,0.00850367546081543,0.05688486485693204,0
0.5330022769965073,0.11506859081838132,0.32061346875890806,1.0,1
0.05465234213633177,0.018335313319915007,0.051973891619127244,0.037368175542410474,0
0.1332196801050813,0.022486616953252544,0.05491569064949349,0.04917783913726645,0
0.05087532464608937,0.007825659676368332,0.020192623138427734,0.038819685518210974,0
0.575179653552296,0.1187454221718418,0.36026034704262144,1.0,1
0.531373149515041,0.13877938860602726,0.43637685739956045,1.0,1
0.06338282491814931,0.022020726522479904,0.06159080541692674,0.04730734371239297,0
0.036528875578881945,0.00827266446370471,0.024260363878056523,0.03793219786152176,0
0.6388306931820812,0.14228465441542987,0.4366697371006012,1.0,1
0.08896357278469075,0.019733009563191163,0.05578049272298813,0.04025747707140863,0
0.08834026787123654,0.02839724985689707,0.08034358437637923,0.09469658091129395,0
0.10915143385958188,0.02301115723099224,0.055703842010820195,0.05149370228169785,0
0.6657713689288238,0.11431665060628488,0.3232141435146332,1.0,1
0.14817437191712932,0.01691505639467356,0.046482461504638195,0.03530849149587979,0
0.13673178326282054,0.018400779275754526,0.04674472101032734,0.037483293561839,0
0.4249736317813797,0.09461884630594118,0.2453243624394409,0.9999999999998267,0
0.16051922146979078,0.05598033506719971,0.154680576101211,0.9963981632303968,0
0.09229446270790513,0.026905282232223385,0.0740017117409616,0.07812141772927873,0
0.009479757627644896,0.0028623637233531024,0.007906854152679443,0.05685700668464575,0
0.5609355688662178,0.08807644310946024,0.24609070112280995,0.9999999999724872,0
0.06074641457308159,0.018059083259085285,0.051889566937461495,0.03690284888512707,0
0.4145102925262696,0.131487671028373,0.3859409007388942,1.0,1
0.014648068892050226,0.0029627686068644144,0.00875711441040039,0.05629493143541657,0
0.013808458717371986,0.002748954547300735,0.008064031600952148,0.05750475614920408,0
0.021093933322382352,0.0033791058649882194,0.008890151977539062,0.05407424486294267,0
0.35779263468401834,0.057777629861208796,0.16731773724183963,0.9983391007337779,0
0.23944860840929602,0.01799982376680712,0.059026835984581465,0.036807255366882265,0
0.015539302468358803,0.0038690710034825254,0.011092901229858398,0.05167475508319613,0
0.09923209797661492,0.016035402905763677,0.045080598122321305,0.034420879971722884,0
0.010580712202615318,0.003362644265746019,0.009251058101654053,0.05415878234593098,0
0.09451086458943882,0.017806194219810667,0.04926438839174807,0.036505125191555785,0
0.13772596839382364,0.014189863556252224,0.03906291164457798,0.03342667093834252,0
0.3913467459452305,0.030634782264910582,0.08413881026126188,0.1300718337705121,0
0.19797661225521312,0.0210377763054572,0.06725719921199577,0.04387657936016528,0
0.015283095731873949,0.002958580246676895,0.008652150630950928,0.056318166957724194,0
0.015492577835354286,0.0038947708149821873,0.011039316654205322,0.05155493683881098,0
0.08123867472944417,0.027004326530229696,0.07652203905939714,0.07908406133600634,0
0.5793227847601493,0.11152720460679354,0.36502143061769854,1.0,1
0.043794267368220424,0.005554437396796339,0.01392391465249987,0.044944548982869585,0
0.04852701247551803,0.0027799617320459877,0.007252481003284794,0.057326283410364255,0
0.222989826026306,0.22792231638951224,0.633925862311365,1.0,1
0.034176173000127236,0.007274580372807321,0.020956976375370973,0.0400462464494629,0
0.12031656150182361,0.01992687092695342,0.0531008755746431,0.04073466264127076,0
0.014240292085750067,0.003721538884704545,0.010326087474822998,0.0523739981503794,0
0.22783025589266429,0.013692727976297371,0.03900819591087493,0.03334980943914254,0
0.6371251593300155,0.10372715649316322,0.2734911836254615,0.9999999999999999,0
0.3162628817881204,0.025325576493320165,0.06746725171418044,0.06495123859628599,0
0.17927743036567387,0.012755323955572771,0.04045241949020509,0.03342066195715393,0
0.31874925529568854,0.08868265806286901,0.27540868520736694,0.999999999982486,0
0.6784504194153805,0.08464677723947321,0.25723153352737427,0.9999999996693605,0
0.44292468383441425,0.11968319120820575,0.311367217451334,1.0,1
0.07918257767434654,0.02234040678265056,0.06519442633725703,0.04857265256946344,0
0.06433048179633437,0.017485545702100713,0.05071956187020987,0.036038514396859275,0
0.6159280711690361,0.11841297755851433,0.30080296015315866,1.0,1
0.06788962616480275,0.01922036173250359,0.05487609910778701,0.03908886621950831,0
0.08693859309041319,0.019714740460945783,0.0590721033513546,0.04021352890659898,0
0.05998488715105434,0.01761706536643366,0.04990574700059369,0.03622488633513597,0
0.12018112543483837,0.02217005248737324,0.06837062491104007,0.0478886688359427,0
0.18865226098925283,0.036452590035275255,0.09914264224111825,0.32336016321389494,0
0.6150708012867183,0.09396808764145761,0.26093706301909725,0.9999999999997076,0
0.15313765419198178,0.012522705204314656,0.03237827122211456,0.033482032178070886,0
0.024715662416197895,0.0037422568174112388,0.009310502573964596,0.052274619437930304,0
0.3429360531223014,0.04757185226362155,0.1279681560901724,0.9182496526128092,0
0.18040499322657913,0.04156464617530262,0.1141466111491014,0.6365541519818966,0
0.16983783493056484,0.025354704635723417,0.06916199065744877,0.06516055252739003,0
0.1802122652219973,0.01920057362473125,0.0540671095329468,0.03904638212637355,0
0.5380909103934893,0.11629017295185717,0.3670884294587592,1.0,1
0.1431646134342588,0.0326411853009231,0.0940414039291082,0.1768812787681213,0
0.07148629298965915,0.011656839851820483,0.034071100882687055,0.0338658194424889,0
0.591763665496757,0.19887931298728453,0.5234947837059785,1.0,1
0.03785706027148852,0.006130658185876406,0.014081239700317383,0.04310781750195929,0
0.2774602889914484,0.06881012367566217,0.20105913807001854,0.9999929754713264,0
0.03440797299496523,0.006535387243040559,0.016138158478580578,0.04194005779639147,0
0.12656825684173284,0.055644390149646186,0.15412497759450966,0.9958529938365754,0
0.24123551710703964,0.05015233406192937,0.12810146622359753,0.9653525614643546,0
0.010032423478644721,0.0028078284664407914,0.007838547229766846,0.05716677029316025,0
0.4384907572424844,0.12317611292457563,0.37900972094590957,1.0,1
0.025672510712967514,0.008631638866420856,0.024098098278045654,0.03728523177705645,0
0.6006506121951224,0.20526072852316066,0.6019501623447095,1.0,1
0.07716650662655726,0.020625511605416588,0.05762386746937409,0.04262600287764572,0
0.09172107352504577,0.02646291084978433,0.07666737965298587,0.07403316964593418,0
0.009487810705588838,0.0030997924061720874,0.008483648300170898,0.055544773401168174,0
0.21930806939522215,0.04149136338281358,0.11494793370366096,0.6318087759116274,0
0.19795490231813995,0.03422614564071281,0.0874148153715617,0.22744366591522164,0
0.018930121663975997,0.003143122771421709,0.008226215839385986,0.05531154931255906,0
0.1568079881843675,0.021069394318859236,0.06312282659263857,0.04397685655951335,0
0.11544433695121914,0.014882929824835616,0.03972564358264208,0.03366729242946111,0
0.030126111955608617,0.0036052124131425974,0.010045208331349587,0.052939283161403075,0
0.04095159043079523,0.0057808928885619846,0.01323544979095459,0.0441973404782549,0
0.1373396800840265,0.05895135098585758,0.1665492282551131,0.9990159589551786,0
0.08496308298117522,0.01973183468621942,0.05918063106946647,0.0402546455446722,0
0.14073372242480578,0.017011101736771683,0.04256969690322876,0.03542264781897541,0
0.10696783939229353,0.01892429234548123,0.052772737573832273,0.03847287064508457,0
0.011586893275031174,0.003575732092662716,0.009886503219604492,0.05308452851397734,0
0.012814283148422248,0.0026757029336927796,0.007788896560668945,0.05793052800050242,0
0.1306099971009739,0.02162098823530275,0.051349995282726976,0.04583170047958367,0
0.0751259896836519,0.019969239184778692,0.058158243307843804,0.04084161950550359,0
0.6864178393316949,0.05761287245106397,0.1366112232208252,0.9982144790787774,0
0.15260225500238903,0.019025082479820855,0.04943218754106055,0.03867788010990887,0
0.11361943657413683,0.01665146081283809,0.05589098995551467,0.03501293120646494,0
0.010389027003887602,0.0029677299744656615,0.008272171020507812,0.056267431194195666,0
0.0433005141623935,0.004671426224753244,0.012922971302340769,0.04819758312785799,0
0.019441449670137664,0.003157948031428724,0.00867384672164917,0.05523218848557576,0
0.11017240283749381,0.014712367579877495,0.043156291358172894,0.03359353256092889,0
0.28495208151053497,0.080317298540172,0.2391718083582164,0.9999999935443772,0
0.1706491499055701,0.02013595783021603,0.0558873089030385,0.04127196746314247,0
0.026267222714386747,0.004810499213183298,0.012487724090655683,0.047647444577861686,0
0.11989298653052638,0.014994138028988807,0.04395582852885127,0.03372054497827431,0
0.11614946613750443,0.018343850203597856,0.050827096216380596,0.037383080901276504,0
0.10043417571720466,0.014556984450539864,0.046298230066895485,0.03353463333300457,0
0.18905522449420623,0.020301554279425923,0.0525596928833994,0.04171464876355541,0
0.3197350003294746,0.028495782899221243,0.07647784696940907,0.09596301971303901,0
0.011172560629440944,0.0034238330966599637,0.009478926658630371,0.053845872161877334,0
0.20668047570120865,0.03396750169049384,0.09184251899663967,0.2182519718490608,0
0.04666890720777262,0.008043499102321137,0.02178005429692076,0.03837556218389894,0
0.3533130222990129,0.06680496436328795,0.17404542220590483,0.9999792386830002,0
0.20423777786502514,0.03949114358795413,0.1123737416224449,0.5005752429995202,0
0.33588533333482634,0.10169078316197473,0.31329198367893696,0.9999999999999996,0
0.09734988189547199,0.015098565279109534,0.04737742990255356,0.03377427804297388,0
0.6568804845334933,0.11784068062953686,0.30282318451206813,1.0,1
0.07817369667312503,0.017164739004425448,0.048547451850026846,0.03561254563871057,0
0.4231074748605323,0.07596126654970001,0.2383527159690857,0.9999998936499155,0
0.19291496075905692,0.020970696593043712,0.06186586220547255,0.04366593122061059,0
0.4944810836492164,0.14601156645695415,0.4777206555008888,1.0,1
0.3071166915822941,0.045234529904468794,0.12842580927441866,0.8393078063606326,0
0.07190997259921635,0.015688970104681153,0.04720408329740167,0.03414683703873744,0
0.6342629810464128,0.10492649786251534,0.26504741221635497,1.0,1
0.05859634666332487,0.019623852964315337,0.05569819814991206,0.03999746629985947,0
0.31784871089274747,0.04747726669443121,0.14329725324466466,0.9158119482576961,0
0.09523974308757632,0.01782748730138005,0.05066198415936352,0.03653759046437788,0
0.30754973174203193,0.040512762030823365,0.11195121124178598,0.5675724133146365,0
0.05997515602300951,0.01459158582156412,0.041290419559317226,0.03354706690776171,0
0.09834747938793072,0.06347383732813416,0.17430555820465088,0.9998849996745286,0
0.2982581030094705,0.02090211751119406,0.06443566173950906,0.04345349525931234,0
0.20442316533238789,0.02820285570800425,0.07518419623374939,0.09226557743821925,0
0.6109876918711454,0.1055054200147995,0.2665693908929825,1.0,1
0.0774917342889978,0.016354407149322504,0.043720177949177486,0.03471044762765807,0
0.47287179534042306,0.05162995836170408,0.159661318439142,0.9797131872181126,0
0.5139760336650488,0.100618593090825,0.3035949082050169,0.9999999999999989,0
0.012468606076450896,0.003472890140801502,0.009753227233886719,0.05359759831844695,0
0.11908663261130148,0.01882203923780629,0.05944929039105773,0.03826975090109215,0
0.5300095156706366,0.10859511235744652,0.3351181923366744,1.0,1
0.26888594885099076,0.10527577133794605,0.274584499306858,1.0,1
0.14629301125392793,0.015447646350643386,0.04771904833614826,0.0339803274194212,0
0.04564406419716619,0.005586327044660358,0.016525623039826964,0.04483728151984922,0
0.15480289707194198,0.01984080187381542,0.05069967731833458,0.04052034715271025,0
0.5089933104525312,0.06777616999402106,0.2332773883656264,0.9999876556243944,0
0.16858750641069806,0.01514263659934274,0.039644246454774185,0.03379804235400256,0
0.09062547716237923,0.01668493475301043,0.04847660195082426,0.03504903637468136,0
0.031578063407418595,0.008107978502876008,0.023518383502960205,0.03824837156436128,0
0.30874264227777276,0.034150267454027126,0.09935475513339043,0.22470706637420512,0
0.08587746671360585,0.019156499293662844,0.054803441278636456,0.03895243977131829,0
0.5003035020113015,0.10696279185520471,0.2767668887865775,1.0,1
0.37368340842229303,0.05457929787120359,0.14262969322956742,0.993568194199238,0
0.543811503985307,0.13380129643123287,0.4025912284851074,1.0,1
0.2937359216099718,0.06867858635488996,0.1893671965474702,0.9999924486760202,0
0.016242124393445825,0.003322464926606138,0.009549856185913086,0.054366225960331575,0
0.5441939799167822,0.14247029550812712,0.42465783655643463,1.0,1
0.02203124374962317,0.00417399702350726,0.012148082256317139,0.050290166664304095,0
0.4204904144564982,0.21798543912440377,0.6233529448509216,1.0,1
0.598466402533143,0.13279296704757326,0.3305624752213673,1.0,1
0.056160676929005206,0.010674236454477324,0.029743563051240374,0.03460694678523701,0
0.6051607616241352,0.17256711261858895,0.5511231083485801,1.0,1
0.1863088937813047,0.023246571217172423,0.07536280620843172,0.05261059265707733,0
0.10406171752673249,0.019166721934574683,0.05621078494004905,0.03897414506635183,0
0.09684683809307264,0.02422937012494998,0.06036653625778854,0.05784848034268205,0
0.15918820319322471,0.02072119152922971,0.05126213189214468,0.04290698603786053,0
0.08286209803073001,0.022113190540656573,0.0629647197201848,0.04766532337761034,0
0.021171428489764946,0.0034484079884707975,0.010178565979003906,0.053721213212327264,0
0.15435332184864906,0.01885657432026544,0.046527805552886686,0.038337808667215555,0
0.06655133086543813,0.010141560020933296,0.030535323308569673,0.03515108883126354,0
0.12386250062846786,0.025907618849975573,0.0650376989506185,0.06935777609919497,0
0.009228174848192631,0.0028321616481236417,0.007803916931152344,0.05702816443561874,0
0.07478876321059282,0.019637374807035122,0.05691255070269108,0.04002934067939021,0
0.11674420492644057,0.01785351414375126,0.05405165255069733,0.036577526760857945,0
0.6114302366829253,0.09796102676742317,0.29935765776154655,0.999999999999989,0
0.6372791062119544,0.10197597475995844,0.26629191637039185,0.9999999999999997,0
0.6578563045923184,0.11114599367259709,0.2828793013146932,1.0,1
0.33662356267448224,0.05737448178564466,0.15691130099571107,0.9980184039282397,0
0.009635587619744179,0.0029654797602590034,0.008173227310180664,0.05627990067368798,0
0.07999538935822446,0.016564876690061965,0.049059390491806965,0.034921449190762094,0
0.029741332259534112,0.013689570538070689,0.037122130393981934,0.03334957501698394,0
0.2964986791367274,0.036225748433325385,0.10969421925685266,0.31217211994764144,0
0.12048535211614421,0.02218589642609662,0.05739394994452596,0.0479513398439898,0
0.301973922211123,0.10619292021047233,0.25173094090429315,1.0,1
0.5395484883019713,0.2358011768702428,0.6882683420276292,1.0,1
0.0182683387838381,0.005126944622918186,0.014529585838317871,0.04644954924587537,0
0.41482442809424924,0.06381267957339178,0.16116360198859703,0.9999028888804855,0
0.5884995032339497,0.19892779890247722,0.5112324580550194,1.0,1
0.2382741185459821,0.10792086371579353,0.298718057837839,1.0,1
0.2662364951598368,0.016288380576318602,0.03971702141403455,0.03464754372641453,0
0.06824034323483351,0.02088710144019422,0.05878008472288172,0.0434073712890442,0
0.6778132581045909,0.06903349047437395,0.20284152030944824,0.9999937896681418,0
0.3466292286732005,0.09104428280545873,0.2570395933252472,0.9999999999970884,0
0.08372021417855442,0.013253149210224576,0.04128300501278659,0.03334792352233446,0
0.6109207318580484,0.17672725047263763,0.518513638093157,1.0,1
0.4544112561546771,0.033180610967520244,0.10517279820078462,0.1925880967157374,0
0.020774571330486227,0.0023350599169508013,0.006586606793113181,0.05998915474103206,0
0.10454185688429542,0.02147936870261556,0.06334470538422465,0.04533599313926759,0
0.3902403920473587,0.04193888159641837,0.10014559786354882,0.6605462018796513,0
0.14739189803922984,0.021229164484412963,0.05765049858018756,0.04449338658240842,0
0.06941793902783243,0.017506011065667987,0.04857595602516085,0.03606706151387182,0
0.5317700193749474,0.24427734432462295,0.721001148223877,1.0,1
0.0628183964935294,0.02383762462178975,0.06569584109820426,0.05564387855980688,0
0.011337698998931401,0.003471657461970166,0.009614109992980957,0.053603808691498854,0
0.10580622346317714,0.02196657314580208,0.06456029896819904,0.047100645575905827,0
0.6586667047854731,0.09167295650532808,0.2803421858084294,0.999999999998211,0
0.05457300790092353,0.012537311868202334,0.034403116010961465,0.03347766307517168,0
0.011748473455295895,0.0027699612516833842,0.007963955402374268,0.05738373127752492,0
0.20897315957208454,0.011881285951281337,0.032414624533019284,0.03374258382852984,0
0.18218459721506217,0.052357274391585946,0.15213415923855486,0.9845715443680844,0
0.36734835594356957,0.08683834233233693,0.24490862592246354,0.9999999999315764,0
0.2764062506380505,0.1582844256842863,0.45511958319351775,1.0,1
0.01206874367563887,0.0037263180578754732,0.010323822498321533,0.05235103904303132,0
0.23586439408131357,0.03662344513670687,0.09855846005107818,0.33199823737417866,0
0.12215550063208974,0.01970066228999482,0.056158181749972,0.0401797811345196,0
0.135136318901231,0.01050526697654427,0.03229552507400513,0.03476841176659429,0
0.5931901595296984,0.2112992083414911,0.7130790231429149,1.0,1
0.031245870504857262,0.0059516888146974155,0.01679182782793731,0.043655720712708984,0
0.2130231497324563,0.023860440132508907,0.06872826100081361,0.055767874528622766,0
0.038194038550986284,0.01079198054926863,0.0298984275746611,0.034500450595375765,0
0.18408090323456264,0.031673681788828255,0.09107489893690142,0.15219123618425354,0
0.3338532650750013,0.10641687745041482,0.299854576587677,1.0,1
0.035788324987322435,0.006889546633469955,0.016108510508271223,0.040995582444317655,0
0.30668426713990654,0.07923234455991209,0.2328311082242488,0.9999999867971032,0
0.39044292009477416,0.055647690384005674,0.1819249947175751,0.9958587076424067,0
0.556410345946225,0.053601107734904015,0.14525937290030866,0.9904801895344587,0
0.6134938747990621,0.10360943575271386,0.30011395135952446,0.9999999999999999,0
0.021180772097520163,0.004075767367281933,0.011579573154449463,0.05072745996767983,0
0.3340428751836015,0.062275157374322536,0.17505298178088816,0.9997927610939475,0
0.6234489730987496,0.15160774596013085,0.44863149523735046,1.0,1
0.1678230298011479,0.019263684410563173,0.0541703961789608,0.039182544538079477,0
0.08970400736360018,0.018527994462321323,0.05242657661437988,0.037712392035160504,0
0.10244189142312084,0.026331481220715273,0.0628446560390144,0.07288232020908623,0
0.06339864421562018,0.018312738511679503,0.05221445136703551,0.03732891304561826,0
0.009553770684797997,0.003008140513945242,0.008270084857940674,0.05604439297328905,0
0.03212228007472813,0.0060288276557076,0.01715180833824692,0.04341713272126145,0
0.08908791112742187,0.015954557445268525,0.048618286615237594,0.03435319696398679,0
0.10135324730752483,0.02268561121381689,0.06725841120351106,0.05002923291349075,0
0.1328744559072491,0.02023957139540596,0.05400122301778256,0.04154715187857656,0
0.0946877067701964,0.017043393319355747,0.05154680763371289,0.0354618131229935,0
0.011386245823027273,0.0036600161863269117,0.010074853897094727,0.05267141527918448,0
0.3054697203209642,0.029977853590624826,0.09349161560473644,0.11811750475925496,0
0.02367300700480567,0.003376306017730734,0.010231208015274218,0.05408860478165638,0
0.17662242796796115,0.032508865257869515,0.08768286033920361,0.17324888924959242,0
0.09123097515835864,0.02099593186616096,0.05210888211149722,0.04374484357520226,0
0.20580497430441166,0.0659030954065136,0.1961536228503451,0.9999666365131247,0
0.1712601725126058,0.012047505073870493,0.027637668483482793,0.03366209882214532,0
0.25180747625778327,0.022993430010657564,0.060747720301151276,0.05141159987403768,0
0.36458642786831197,0.06978268221184503,0.2204582211845283,0.9999959065500401,0
0.17324061776604008,0.025516366069733315,0.06116268383142348,0.06634319224930624,0
0.6027264735138141,0.08244706894491514,0.23587261903221335,0.9999999984682535,0
0.023529991460108927,0.002458614846781064,0.007733285427093506,0.05922723936645084,0
0.12733929457375556,0.016470755654680584,0.04702470311895013,0.03482510764364303,0
0.0877936650431464,0.02188740442669209,0.06334269605576992,0.04680235190839709,0
0.673884247159037,0.06382495421687039,0.20894502318454022,0.999903483934948,0
0.10749615789439748,0.017876207452573668,0.05285864626057446,0.0366125761621173,0
0.012684583424657933,0.0036403380010235544,0.01019442081451416,0.052767278200899485,0
0.21807400218253492,0.025225266404922057,0.08248566463589668,0.06423907269455424,0
0.16944326691404532,0.023401398711522747,0.06676753874678147,0.053372759372152995,0
0.05942734427825472,0.013505555483921582,0.0380155006303039,0.033341434715543086,0
0.5595039970937173,0.24464138852491313,0.7255459710623967,1.0,1
0.0273365016599036,0.005130062682211724,0.015100479125976562,0.046438109034295294,0
0.17706106303432464,0.02516010158111804,0.06815635291204508,0.06378353097094573,0
0.08760036423516872,0.021188676384838453,0.048812595661729574,0.04436092770112592,0
0.6274726625830586,0.11865676931724582,0.3703966200158698,1.0,1
0.2382104899669936,0.02479184558206216,0.05884399215090645,0.061310967929683345,0
0.12133231829953021,0.24125628801066296,0.6486536066078408,1.0,1
0.40608828575676786,0.21752957425453853,0.610787071287632,1.0,1
0.015863226388604417,0.0029459666002227057,0.008555233478546143,0.056388253506327556,0
0.019014699578359714,0.004268895916270196,0.01180143478534812,0.049875411610349064,0
0.03531664877329848,0.0033965731741222036,0.010564088821411133,0.05398482916762012,0
0.07757392380830737,0.021366289881886415,0.06181279639713466,0.044950004346356945,0
0.05163614358581927,0.011673614805831165,0.03259152731293724,0.033856027312026735,0
0.11532442280443905,0.018215899335132835,0.059291141806170344,0.03716299545672135,0
0.08047260779060446,0.021812006449885183,0.06313279923051596,0.046522506755641305,0
0.015596292377146534,0.0029916745148619657,0.008512616157531738,0.056135069460892674,0
0.06461589425615828,0.01710311960112707,0.04990443284623325,0.03553529947368978,0
0.2821680162306179,0.02248800372763506,0.06696855305567612,0.04918366089650733,0
0.6533255730511726,0.07091224713150164,0.21751720978481393,0.999997839409801,0
0.15033088241573714,0.017590249266884767,0.04699037503451109,0.0361863241388417,0
0.12830451272674612,0.02075096687732332,0.05481735817142692,0.04299555188105483,0
0.030154828473551085,0.005540825375566445,0.015995459307353688,0.04499054259965418,0
0.15529927725499493,0.02336825837183575,0.05843117833137512,0.05320773835886905,0
0.0802331975259609,0.019495243907291585,0.05499975522980094,0.03969898072059145,0
0.03203472227682084,0.006672893676274854,0.01580535503863645,0.041565007058002736,0
0.027268113689118762,0.0023451902486521276,0.006786465644836426,0.05992601928555499,0
0.16758498829057186,0.010685302966201645,0.03281531482934952,0.03459672790646955,0
0.1906822777195389,0.05956846437686428,0.17327839601784945,0.9992568914872161,0
0.5707112339789924,0.1202499803739971,0.3353062719106674,1.0,1
0.22023859775843982,0.04000240554955899,0.10778899304568768,0.533935086931322,0
0.09668488665854592,0.026493572755368892,0.0741409850306809,0.07430575218717285,0
0.3295072537906968,0.06044579046167533,0.17174281552433968,0.9995047862294826,0
0.026759758549949716,0.005098042788467381,0.013820681659979628,0.04655592248029736,0
0.599979449108688,0.09736108974325867,0.247525155544281,0.9999999999999818,0
0.011089357363846001,0.002875621495032021,0.008135378360748291,0.05678217974841558,0
0.009075535281592804,0.00289903856412125,0.007946968078613281,0.056650467939180084,0
0.16056903628766375,0.014576855734401708,0.03789249807596207,0.03354172611057603,0
0.3138787935452341,0.025906951902231447,0.07543901610473491,0.06935244741484506,0
0.17084528906690202,0.01648097952593449,0.050796578696527345,0.03483541690748983,0
0.12783929254516746,0.014741052987193165,0.044306039810180664,0.033605269503989225,0
0.3754298318276821,0.04395075019223788,0.11981296178546713,0.7782731932106084,0
0.20645783577687857,0.02211832400808342,0.07265726663172245,0.047685386230766805,0
0.15526636401186902,0.02617051719011051,0.06438623275607824,0.07151085600033902,0
0.24019790967637664,0.020026241625478915,0.06088510311400498,0.0409870510692441,0
0.07872049458225258,0.01890768821844776,0.0553277867147699,0.03843955592737402,0
0.2649864778678162,0.04181456704075561,0.1028378360426462,0.6526253178366421,0
0.48515393393008793,0.08549735234875036,0.2298203888520431,0.9999999998195774,0
0.12272999589486618,0.020258660630976096,0.049628369975835085,0.04159850589380419,0
0.5798162275110582,0.22227620983099322,0.6564998850226402,1.0,1
0.23080751610849834,0.05579877759421805,0.1689327450159722,0.9961125119877643,0
0.6738569869922154,0.0948725900166636,0.2430393852062147,0.9999999999998589,0
0.04792535128603364,0.0033433193617867546,0.00949168681642476,0.05425835958052624,0
0.0401394263753044,0.006708985772713113,0.01663227764088948,0.041468336455015825,0
0.010086399135201032,0.002803734093931799,0.007838785648345947,0.05719015480763407,0
0.009793077735539168,0.002972480594161736,0.008212506771087646,0.0562411231185675,0
0.41917902424192105,0.24228006597543958,0.6510308980941772,1.0,1
0.01701454626397406,0.002704078484887768,0.007994353771209717,0.057764901784461975,0
0.276923401977304,0.05576888838281597,0.132750508954994,0.9960634923359294,0
0.013407804089300238,0.002791465597295823,0.007971704006195068,0.057260332537901616,0
0.1410865660228572,0.01791262899856312,0.05616387352347374,0.03666927428284305,0
0.014002551969576183,0.0029748254968679057,0.008674085140228271,0.05622814612451439,0
0.6028799531068043,0.06006881983960802,0.1881930013002262,0.9994098797937244,0
0.3402053254121286,0.05408126327888932,0.15813628225818596,0.9921365098642786,0
0.01320333507716478,0.002778451480034536,0.00796574354171753,0.05733495215956499,0
0.1386619021174414,0.019865096737952743,0.05475722346454859,0.04058044219864355,0
0.03350074055712599,0.00584281185899085,0.013698975745115693,0.04399883947477383,0
0.14267635793057695,0.017579083787826397,0.05225428007543087,0.0361703530742997,0
0.01929820187141183,0.0032351406338735978,0.008975207792790485,0.05482252991283769,0
0.008648297958220173,0.0028610900323506262,0.007803797721862793,0.056864205215900514,0
0.18246164115038618,0.03290334734636274,0.09601670353158857,0.18433139742210203,0
0.10330901577859065,0.019321404249733,0.056191103337400516,0.039308784105814294,0
0.23860518443567025,0.028232880103109502,0.08826081174554533,0.09263529093733376,0
0.19454453414133308,0.04590297512361088,0.1349058747291565,0.8660556052395728,0
0.5072174753950353,0.25185530762467595,0.7349608093500137,1.0,1
0.5932035522354798,0.035887647708632675,0.12091983844891677,0.29609569649988676,0
0.012087987288966998,0.0027190717140917315,0.007854640483856201,0.05767774260039583,0
0.1122433184813841,0.019420134888049015,0.04880191897973418,0.03952853929322282,0
0.1625389054638257,0.029255744784935287,0.07865932732460054,0.10655702147693605,0
0.19258980330160327,0.05100074871505906,0.14574459052662292,0.9744297402804952,0
0.06425900702389113,0.020637541853392137,0.05725834960418197,0.04266103087870031,0
0.008688692763005174,0.0029882058651864657,0.008117258548736572,0.0561542067512965,0
0.0708237784233123,0.019120222129715824,0.053601757856085896,0.03887582098812042,0
0.010207340950488407,0.0028961258337490145,0.008073866367340088,0.05666681937704064,0
0.06421025555985437,0.0217156622182832,0.06127629813272506,0.04617085694672209,0
0.058426046091119475,0.01735248430640837,0.05017262982437387,0.035856948313615265,0
0.37969791772289524,0.05929209779960491,0.1755557805299759,0.9991569026198545,0
0.012893306507065131,0.0029214011533634046,0.008425533771514893,0.056525226738543266,0
0.01671002376268779,0.002700829451151242,0.007950127124786377,0.057783821522169265,0
0.13342936596323043,0.020324182974113963,0.055610270239412785,0.04177634036514639,0
0.019787313731014465,0.002703959650133507,0.007914152127257212,0.057765593578570924,0
0.5577775905090704,0.07165661771625562,0.2121260166168213,0.9999985917511465,0
0.5622081965953957,0.07309900574710551,0.19886673831324225,0.9999993951356995,0
0.6740531295945678,0.07072595208437663,0.21454257809080096,0.9999975971769884,0
0.10463018942401259,0.01853948584368381,0.05451203603297472,0.0377334404532485,0
0.1335740758181857,0.07289075041248066,0.20109578547999263,0.9999993157664385,0
0.07168044544335028,0.020584364855610077,0.06021077249897644,0.04250684790906047,0
0.2447703396747011,0.03591546208912717,0.0905625497857337,0.29739108743380277,0
0.34073090778002385,0.047337173135932865,0.13247704814767103,0.9120931428548831,0
0.5606259079053058,0.058608780077004215,0.19334480166435242,0.9988518652714086,0
0.1839131735496955,0.027369331263332502,0.0773330107331276,0.08278985057205815,0
0.27356520520892674,0.03539094821226747,0.10658922046422958,0.2737829908695527,0
0.15133926388797816,0.015253243136957155,0.04410144314169884,0.033860537864143996,0
0.015399803918591658,0.004263399603293813,0.012020111083984375,0.04989922870655108,0
0.16518623751126926,0.027481285205319124,0.07976846024394035,0.08397819634293291,0
0.08572158672349822,0.01651666636554349,0.04963144613429904,0.034871699045599815,0
0.015036580165826645,0.004923353104247737,0.013617753982543945,0.04721177035224542,0
0.1905757194692358,0.02135633635631876,0.05273794132655829,0.04491644005484269,0
0.0912475830455743,0.01910001673152491,0.05434415861964226,0.03883342092650355,0
0.21207254462921624,0.026290621821054284,0.07379843079064678,0.07253026582656528,0
0.11068014017570493,0.019638068148721377,0.05586775345727801,0.04003097759900511,0
0.3185420127918015,0.04137883437514091,0.12555223024714324,0.6244967487300166,0
0.11413662974838112,0.016080669064347346,0.04994516237638891,0.03445977687527747,0
0.015237251171025612,0.003746037101444609,0.010496578030658621,0.052256528402315545,0
0.535797025841192,0.08971219660994281,0.28533709049224854,0.9999999999919346,0
0.030592089505991304,0.0046500483107171885,0.011983220696366592,0.04828346556192112,0
0.023324812133451302,0.002947420432990891,0.008232038897443505,0.056380166949000755,0
0.1296616578182256,0.021847592064442357,0.06461145170032978,0.04665407319278669,0
0.11778747570968012,0.013951276944470322,0.04001372214406729,0.03337986428481752,0
0.12644186344123065,0.01730703565694571,0.0498503395686416,0.03579652664607184,0
0.20373285146629252,0.03379056579074486,0.1067384301258093,0.2121840392811362,0
0.5215153849288773,0.14363633554045513,0.4565116912126541,1.0,1
0.248710858891261,0.02504039486731415,0.06961159861010377,0.06296103544892802,0
0.07787359433370086,0.021315291622362263,0.06194758958606017,0.044778730402007874,0
0.020358588746062726,0.0030009856379243486,0.008682966232299805,0.056083759632186224,0
0.31037804989073253,0.07364535063865772,0.1984507639891122,0.9999995631905878,0
0.11343921364937164,0.019456771125397256,0.053788615856319666,0.03961132177081667,0
0.6850363685312848,0.06260988947304932,0.18426018082572182,0.9998239347807929,0
0.0674559181505557,0.02167534230095157,0.06118800351396203,0.046025646960437754,0
0.15139460903143764,0.027553237738769207,0.0768099460369026,0.08475520514115281,0
0.0798111396090686,0.017478545162457,0.04921291384380311,0.03602878754749501,0
0.013560702506740048,0.0027668809923642713,0.007959187030792236,0.05740144758821144,0
0.02207170445739769,0.0023403327931715207,0.007045686172187149,0.05995627755133293,0
0.02516427653126076,0.00467461582701811,0.012316882610321045,0.04818479970716666,0
0.12322925037861614,0.020886794730667162,0.060140968300402164,0.043406430645168595,0
0.011474369428468884,0.002910584559695135,0.008250296115875244,0.05658573915449154,0
0.14778804688542885,0.022069760315381402,0.058979301836195236,0.047496382419733814,0
0.18010397645981993,0.019019947755393573,0.05299139115959406,0.03866731988175533,0
0.6526631508574153,0.1391317313458655,0.4317886233329773,1.0,1
0.21968422807127366,0.03768677032747733,0.10819303710013628,0.38969296081361704,0
0.6785677395289852,0.0634180508348839,0.17931225895881653,0.999881766422211,0
0.019389948387610868,0.0054951061264306485,0.0155104398727417,0.0451459331465252,0
0.21271978513334233,0.03599482492185883,0.09554479553865865,0.3011140204916938,0
0.4446718887411623,0.05015066683134155,0.12991870523313168,0.9653322087660388,0
0.0857483570092737,0.02204343007183176,0.0655420133844018,0.047394648867756524,0
0.07694809263227131,0.02152872085586028,0.06123642064630985,0.04550717334058644,0
0.3834265345673847,0.06767265125692562,0.17894646694103752,0.999986946433286,0
0.18621644990753372,0.05326838689922236,0.1455187709070742,0.9891485903244431,0
0.14394754517799244,0.01734410575796282,0.04761148011311889,0.035845748708822754,0
0.1094991492876171,0.021768848337725244,0.06719307648018003,0.04636416408567657,0
0.12492003337769457,0.014277764358362704,0.040749422274529934,0.033448544498763735,0
0.08301466950166568,0.02219507531345302,0.06359477387741208,0.04798773490748946,0
0.11974475576714394,0.01639428810658054,0.05371289886534214,0.0347492001662995,0
0.013972512591938914,0.002999471830971784,0.008614540100097656,0.05609209549796222,0
0.02719230437153532,0.00531349975237305,0.012863711837091785,0.045777205808600355,0
0.5790405929560788,0.17524071667864194,0.5007227106721162,1.0,1
0.09194513382141102,0.016229882895878296,0.046469016931951046,0.034593114048163946,0
0.5313181315108472,0.10317936227662065,0.27583022789680656,0.9999999999999999,0
0.24892159649002601,0.028695499054665986,0.0795861387192564,0.09860279185569543,0
0.062049664156894176,0.018867002694730056,0.05357096542138606,0.038358468540267636,0
0.374515991038982,0.05314766615675874,0.17768816416437447,0.9886242681312846,0
0.00950775411749702,0.002854302924944016,0.007887005805969238,0.056902593015068795,0
0.47851460766561676,0.08845797805179335,0.26460814689218204,0.9999999999792858,0
0.21567882873260336,0.054019053866045774,0.14632328938579992,0.9919381648816995,0
0.016841132242335858,0.0028982444984448847,0.008146584033966064,0.05665492476517805,0
0.49514443085229826,0.16073174645853072,0.4772733622221118,1.0,1
0.040960884907143176,0.016298027983120453,0.045297086238861084,0.03465663752816292,0
0.544213657241441,0.10557087735372384,0.2984711745476123,1.0,1
0.14460966640200237,0.015777845706833795,0.045896438881754875,0.03421317904813021,0
0.5301007382062437,0.2184660691028229,0.6377147632624002,1.0,1
0.6380832871810956,0.15166802292108383,0.40112271904945374,1.0,1
0.32520648352304077,0.0352407660617887,0.09582932223965229,0.2673411487222512,0
0.21952505525092195,0.024861979919678954,0.06245151352769266,0.061768831917850375,0
0.34344169545763564,0.08619673162186359,0.237163065539286,0.9999999998909445,0
0.17320575181311038,0.023685130079729166,0.07160875853151083,0.0548286414730291,0
0.08590227092615647,0.018083179848942452,0.05132048134692013,0.03694214347675024,0
0.5676092556948118,0.18264609904993098,0.5396868745360248,1.0,1
0.09225236712254853,0.01712192839556088,0.04916213150136173,0.03555872377245984,0
0.25467891315301505,0.030439645869331206,0.09365670271263205,0.12636777510245126,0
0.6408251236871662,0.14868845446337742,0.3967784134707828,1.0,1
0.14355774917600964,0.014635493491800298,0.04255084636069151,0.03356340694979331,0
0.31415417005099106,0.11963973396811543,0.3614825312579274,1.0,1
0.2502045110683773,0.029331134859927697,0.08625339716672897,0.10769243508405917,0
0.07545851029112151,0.01718098809234649,0.04941799305379391,0.035633158634856756,0
0.08468285367190687,0.021346993595930626,0.05895816418342292,0.044884995484942576,0
0.5138856277494331,0.2129538106938769,0.6269690245389938,1.0,1
0.04461628696767728,0.00361816905000172,0.009461720686482211,0.05287570331827394,0
0.3209474181740448,0.04562541667171658,0.12852649939104246,0.8553704818083923,0
0.015434777800823843,0.0026504911991637216,0.00788646936416626,0.05807842853280066,0
0.24467291672003263,0.030479644407986475,0.08640841992121458,0.12711617349071386,0
0.013611065118557801,0.0034286535988157936,0.009766459465026855,0.05382137401288084,0
0.20673579715945922,0.0513115168065179,0.14711165933952963,0.9771774514411348,0
0.4306978454460982,0.0790652226849863,0.20699419885615422,0.9999999852741246,0
0.1407885004146763,0.011511229211526842,0.03275181617070977,0.03395478859718849,0
0.0892665287933828,0.013764849902071528,0.037327402963778344,0.03335603493354628,0
0.22011829649278214,0.02285331728198129,0.072081308811903,0.05077232026603121,0
0.020152962563811078,0.003185230767055471,0.008531689643859863,0.055086719224143654,0
0.018769581797804583,0.0031450395469459448,0.007970094680786133,0.055301276190033784,0
0.06771825233833598,0.01243675477058387,0.037014369277706405,0.0335091443156716,0
0.03855441140306601,0.007772853739989027,0.02109963652275626,0.03893074354344437,0
0.3141776283013744,0.0684274823279191,0.19638416190105767,0.9999913349854742,0
0.28441942212478066,0.14536095052279285,0.40587788458510876,1.0,1
0.020784625453255323,0.008841394828720235,0.023921847343444824,0.03693321196878429,0
0.42740464813776496,0.08319776798942159,0.24831988107362818,0.9999999990873466,0
0.023844053534783277,0.005727019458545172,0.015835608692458703,0.04437205874203883,0
0.1236651885875335,0.017730497961367865,0.04890583734959364,0.03639121676673408,0
0.18329765015716282,0.01278256944109718,0.037465284409511496,0.03341461806368094,0
0.01907018842364345,0.0029231127337199024,0.008043885231018066,0.05651566272472327,0
0.07390754134081215,0.017067479599344775,0.04968673444818705,0.03549128479247674,0
0.015050444830441096,0.002798516905226434,0.008007943630218506,0.05721997820131655,0
0.060399695946411334,0.017358845275580657,0.05002349987626076,0.0358654693901965,0
0.08995017964465979,0.018635197839073393,0.05674927611835301,0.03791105303327908,0
0.08275802212786261,0.022487212021410567,0.06465624528937042,0.0491803370783028,0
0.06412906029904002,0.02255175609628971,0.06370091967983171,0.049452974311890316,0
0.1854154910372978,0.02614357634110634,0.0674039711563879,0.0712853175596806,0
0.37774259501248686,0.18878243839757258,0.5431741960346699,1.0,1
0.15043593761123075,0.016915228542220398,0.051892620511353016,0.03530869299216641,0
0.027971459109496485,0.004136858744557821,0.01163017531882049,0.05045453501206484,0
0.08156027789045889,0.016576629344299154,0.04718745197169483,0.03493370571922512,0
0.32119224630856374,0.07420078390479841,0.22044576188833853,0.9999996872099478,0
0.014296921174427697,0.003859280794693119,0.0109022855758667,0.0517205531663862,0
0.44079330201302774,0.09499823498361445,0.30084740442375496,0.9999999999998725,0
0.009212361080221415,0.002827352345127716,0.007790565490722656,0.057055508850962916,0
0.0321995405500187,0.008681454102411876,0.024089455604553223,0.03719992028276159,0
0.05027482795611817,0.017738084308008585,0.04974077024962753,0.03640252721374512,0
0.20609399267608466,0.02858667270767016,0.07767690004740635,0.09715212993671608,0
0.010114967542428658,0.003090602554830054,0.008539080619812012,0.05559448226671897,0
0.11668672355331773,0.03028758519008697,0.08196910610422492,0.1235726772973497,0
0.08430143322591004,0.018823294905577017,0.053317908314056695,0.03827221574535198,0
0.1929569394656465,0.0480798943328945,0.13416283376677493,0.9303723185977272,0
0.020773168887757505,0.0050168735979452435,0.014405369758605957,0.04685789024287964,0
0.012784396299979135,0.002681625270215896,0.007813572883605957,0.05789588688828137,0
0.03169715769668193,0.0050948933886301485,0.015432752459106802,0.04656755012441198,0
0.011762453030031074,0.0033065662614475966,0.009250938892364502,0.05444874469805394,0
0.05096350546398357,0.017632572861198247,0.04953683994244784,0.0362473185326867,0
0.1349144534094192,0.02788377268202451,0.07244267128407955,0.08846234158841546,0
0.19140884290323487,0.07377140906669097,0.2065016088046817,0.9999995949659716,0
0.015638234549763277,0.0028088843222394575,0.008078575134277344,0.05716074281431022,0
0.43477726508931375,0.06647086455689358,0.18574419205927006,0.9999752266814833,0
0.009742671055879896,0.0028278537599160537,0.007859110832214355,0.05705265678720612,0
0.33913613106278867,0.02763553465005701,0.07370447367429733,0.08565685854902659,0
0.10404047130045434,0.019343001095008472,0.05750056938268244,0.039356440982931444,0
0.15947387541434485,0.012967596556966533,0.03984353318810463,0.033379901736527946,0
0.17063242946068194,0.028825210551518224,0.0744071105534852,0.10037091945015887,0
0.08115018109184345,0.009919323461060524,0.025096967240847534,0.035409018662397,0
0.24504022158462133,0.0686261422302416,0.20251314528286457,0.999992228160056,0
0.14247673683960455,0.014593955246593635,0.03790891726794188,0.03354793261602546,0
0.5259359577601775,0.08426655550601836,0.2735333551860471,0.9999999995675475,0
0.5925176536777187,0.12467659537293752,0.2998572441209958,1.0,1
0.055206850377649434,0.01857961270626226,0.05249033361906186,0.037807402822967594,0
0.2895745695595951,0.0412964912439551,0.1107872806360296,0.6191285669434825,0
0.009677905006378265,0.0029743226101684853,0.008203506469726562,0.056230928682736825,0
0.12916352614460289,0.02135410680715051,0.05670306950805796,0.04490893085800431,0
0.11268593328185984,0.01926991799749438,0.053258059080690145,0.0391960992206278,0
0.1386388012106672,0.01548631068473595,0.04643371794372797,0.03400567256318165,0
0.2976518114903121,0.09033499395615142,0.2598561145660793,0.9999999999949801,0
0.0776589540348625,0.016433809643197753,0.048596699722111225,0.03478816851737331,0
0.2277576093517811,0.032163214864080976,0.08565917611122131,0.1641514597015224,0
0.01881633725636605,0.004334227797900753,0.01169752864549678,0.049594218107885495,0
0.2775003661449274,0.018713212734880767,0.060892720700145404,0.038058886021758186,0
0.07613672806120773,0.008120258615852702,0.02469550828872702,0.038224366321589535,0
0.4215042621650222,0.05808697367049715,0.1725679800583034,0.9985511592600307,0
0.23245086166336784,0.0638687095334461,0.19422319246459863,0.9999055767639727,0
0.3906022207852628,0.035478364996935914,0.10004989682268668,0.2775975268948983,0
0.11683409934916274,0.018353157990539548,0.04385616164654493,0.03739936849656338,0
0.5638948886026426,0.2147762482174039,0.6434657132839625,1.0,1
0.15483914179161598,0.03292642749250101,0.09638128796574807,0.18500371999508353,0
0.1999218156622351,0.039426690622847906,0.118429697318165,0.4964092868793433,0
0.07315389353157283,0.015025645433357531,0.042405453254413916,0.03373637603133562,0
0.5909735490553436,0.20178633853649405,0.6816561029080123,1.0,1
0.009302790274867863,0.0030614119085773266,0.00836855173110962,0.05575294861701308,0
0.02595069561417417,0.004532802457233556,0.01265413039051888,0.04876081940460716,0
0.02613590880259063,0.00380702831828968,0.010351188453562532,0.05196643128616192,0
0.021828918664518897,0.0038385973721122343,0.009214546493344078,0.051817589319583995,0
0.45378987826205314,0.03840916405952063,0.11360331624746323,0.4324243353825765,0
0.08405727298670697,0.016121256634225655,0.04673204990103841,0.034495266580792654,0
0.043395489000855575,0.006761681209030439,0.019661297276761358,0.041328502672284384,0
0.014867607892883113,0.0033057237092358593,0.009568631649017334,0.054453124694218306,0
0.08493521790371615,0.02197972313444178,0.0632601494435221,0.04715063828660912,0
0.10265900780795868,0.021113758284607837,0.06314495764672756,0.044118633301283856,0
0.08454533768931917,0.016562743272567494,0.04919435572810471,0.03491922971525045,0
0.034818843802922876,0.004828388939643844,0.01262568715516632,0.04757774437969691,0
0.06273702850835043,0.019646891166004182,0.055338816717267036,0.04005182963173285,0
0.02303277970862751,0.005412515656333233,0.015300255396018536,0.04543022348365831,0
0.013167783182852172,0.002777401840412451,0.008096039295196533,0.057340978470643844,0
0.3687319726297287,0.10606753617617783,0.28961023700104466,1.0,1
0.10214053880313041,0.016476434919061905,0.04456671552496947,0.03483082966546399,0
0.3561203377533628,0.11807298720839056,0.34873074293136597,1.0,1
0.06323724216488148,0.02537554452693509,0.07055762142408639,0.06531100832578653,0
0.2052208393771026,0.054661291840982236,0.15635235317278642,0.9937791522240482,0
0.03154866662993253,0.00815700917308973,0.022883955374843556,0.03815294128658194,0
0.1452534257829414,0.031032622715505796,0.08684019814101838,0.1380493028814521,0
0.10271065385695453,0.017203658944427633,0.05040040146559477,0.03566208812130083,0
0.3162158129446523,0.03697451028108317,0.10566051138799895,0.3503091210370895,0
0.5470838403092821,0.1490737101424604,0.42909231481368726,1.0,1
0.21673051456127865,0.026681613048668618,0.07832296840490952,0.07601205687704626,0
0.16068345391189037,0.04934537619004452,0.13186202281986062,0.9541768863415052,0
0.11659312188438964,0.017736968626483395,0.05554941622540355,0.03640086237845992,0
0.3168721372776318,0.15131190270043932,0.43970340490341187,1.0,1
0.14424095273818824,0.019736290381469335,0.05436825752258301,0.04026538786724511,0
0.42795033459923365,0.10248787547362859,0.3470996618270874,0.9999999999999998,0
0.09550813920014427,0.01927306844250772,0.05832858523353934,0.03920295698351402,0
0.15674849673812272,0.036303260970357076,0.10679742911062229,0.3159589478475323,0
0.3264950387764616,0.03107110271954416,0.0781686698108941,0.13885228885206863,0
0.1937593174632727,0.029280695881026,0.08609154252380817,0.10693102826673487,0
0.196591100514643,0.05236548047849844,0.14595228534652405,0.9846196929414875,0
0.028495924190779162,0.005595587444372238,0.013606096515344834,0.044806259072122656,0
0.6037917841435515,0.10313008498353333,0.3226131588305068,0.9999999999999999,0
0.21563632399947238,0.02191090874303503,0.055685349720081115,0.04689043327251796,0
0.43513057149757367,0.1038722059773839,0.31900233030319214,0.9999999999999999,0
0.027920572685136744,0.005204762733197763,0.013107895851135254,0.04616610608465362,0
0.29958073941535696,0.08347991464643682,0.23283722065389156,0.9999999992498361,0
0.3628860182337816,0.05508976279512895,0.16497011942405693,0.9947802706781997,0
0.07144632824530488,0.019614982643074087,0.056554027600213885,0.03997660784044527,0
0.01228900369278009,0.0032969218525641455,0.009304642677307129,0.05449892263223964,0
0.10273743953202563,0.016747224971928754,0.05262046167626977,0.03511732344058665,0
0.0695248725913392,0.018454386586185364,0.054074791725724936,0.03757896044852481,0
0.12014927294510448,0.018135196936007954,0.0567388036288321,0.037027807500415684,0
0.4469623451242184,0.03322099452854443,0.10032162320802172,0.19382386425698114,0
0.3054480670450281,0.1205569576378058,0.3574376191773124,1.0,1
0.07873248550775637,0.019517080337253086,0.053083926338828594,0.03974906692921382,0
0.1245878601001742,0.018241013370489008,0.051823874935507774,0.03720563507017644,0
0.13880748372923643,0.022336021887250583,0.055630975291434806,0.048554764077997546,0
0.08982590220088711,0.014770470401555779,0.044862967915832996,0.033617586163064324,0
0.07680765327630938,0.018833624291916765,0.053379722870886326,0.03829251976811092,0
0.009660493807860514,0.0030836874095536843,0.008465826511383057,0.05563194370363439,0
0.010939011011093186,0.00315984636770829,0.00880652666091919,0.05522204251820322,0
0.22402237161784658,0.03883609322166982,0.1010834164917469,0.45880949888754297,0
0.1478462668922629,0.026296402229435953,0.0684828576453196,0.07257990798087403,0
0.012001821703929591,0.002876681345396147,0.008208751678466797,0.05677620598427779,0
0.35519139174913833,0.02554933303824615,0.07050802130322181,0.06658878157913091,0
0.09787408508902283,0.01912718522489828,0.054561833572628504,0.03889047815809461,0
0.06663952026593302,0.00923481089684912,0.025343452158192115,0.03632284574808462,0
0.22067257124943718,0.029150191512993175,0.08838026598095894,0.10499397924503333,0
0.018943134920592457,0.0029255003671386152,0.00820899008249043,0.05650232617936712,0
0.06491539299247706,0.01923791839389227,0.05504407675471157,0.03912671919146612,0
0.013227542360177475,0.002832007808080326,0.008191406726837158,0.05702903874695285,0
0.31023759929384825,0.0453007478137648,0.1354583166539669,0.8421126794369165,0
0.14188187515096085,0.02274305747143275,0.060860615288033146,0.0502810996529796,0
0.07130083589354974,0.019473716660830958,0.04881964344531298,0.03964983965119474,0
0.23313775495300992,0.025300795653495207,0.07392312400894696,0.06477405936986486,0
0.08105575352656587,0.01730997220301576,0.05064106406643987,0.03580040624399259,0
0.06129467694710645,0.012417314136727618,0.035235542875218795,0.03351560958141487,0
0.15142048586911114,0.023081302016442855,0.05576328746974468,0.05182129642550854,0
0.2995462682231079,0.08767439896223005,0.23394563804300156,0.9999999999629536,0
0.34310651651230684,0.06107186031716751,0.18352133207576107,0.9996310585715057,0
0.3301176716900959,0.02349329132194365,0.062199862192625355,0.05383577442413789,0
0.11844696800621417,0.022512255015866643,0.05336169450510415,0.049285719768486495,0
0.3894444300383837,0.04664848227173648,0.12216108292341232,0.8918529462643351,0
0.1321240121464513,0.024815726916825164,0.05621073814108968,0.061466200354085274,0
0.024600588397141004,0.007902591180894893,0.022216618061065674,0.03866027647982859,0
0.17382382512764671,0.027424166933207896,0.07468640245497227,0.08336879535944489,0
0.163864572672855,0.044176574115926424,0.12921667041663618,0.7899058906864667,0
0.22852250637909613,0.01820518710325912,0.04623410850763321,0.03714489034558835,0
0.016180778768443028,0.0032967363736626618,0.009284734725952148,0.054499888536035886,0
0.28621920059057876,0.046850917219597256,0.12794378399756004,0.8981490053803723,0
0.13037866002558166,0.014488300323160203,0.04459614419764635,0.033511108123148635,0
0.06333675690351188,0.011508930211199805,0.03216874599456787,0.033956250572098674,0
0.01578701291703662,0.0034254266411642893,0.010078132152557373,0.053837771184855825,0
0.48418379940424616,0.12551928481089183,0.375292737767498,1.0,1
0.09140886834859963,0.017794238352977658,0.05344283580780029,0.03648697789842549,0
0.026334972490994188,0.00433976530813651,0.011371882503722452,0.04957054536244179,0
0.2648504462577117,0.042451857598258126,0.12530278502546768,0.6926029044242692,0
0.13784251713409015,0.019567670653827446,0.055755290668457747,0.039866036090813343,0
0.11014103528190054,0.02107829423428665,0.05167028061063657,0.04400519766859508,0
0.28179700996606377,0.04120103714396297,0.12277678586542606,0.6128891043372707,0
