test_index,true_label,dropout_probability,binary_prediction,risk_label,tau_used
0,0,0.06936952317641126,0,Low,0.3672150907257707
1,0,0.08040668357673825,0,Low,0.3672150907257707
2,1,0.4065724425378143,1,Medium,0.3672150907257707
3,0,0.22698300590395323,0,Low,0.3672150907257707
4,0,0.6167815457582247,1,High,0.3672150907257707
5,0,0.028665442797226156,0,Low,0.3672150907257707
6,0,0.08467249485202379,0,Low,0.3672150907257707
7,1,0.9950425650097515,1,High,0.3672150907257707
8,0,0.3956359158678402,1,Medium,0.3672150907257707
9,1,0.8573864565499003,1,High,0.3672150907257707
10,0,0.0675859471566906,0,Low,0.3672150907257707
11,0,0.0871770590112155,0,Low,0.3672150907257707
12,0,0.07499999172333052,0,Low,0.3672150907257707
13,1,0.9843727758197529,1,High,0.3672150907257707
14,0,0.34344118454288,0,Medium,0.3672150907257707
15,0,0.053423833242181626,0,Low,0.3672150907257707
16,0,0.055062638199433044,0,Low,0.3672150907257707
17,0,0.06990367801622585,0,Low,0.3672150907257707
18,0,0.13114428746143164,0,Low,0.3672150907257707
19,0,0.02331006461901357,0,Low,0.3672150907257707
20,0,0.07611115356535463,0,Low,0.3672150907257707
21,1,0.35638943740364865,0,Medium,0.3672150907257707
22,0,0.06560644461329915,0,Low,0.3672150907257707
23,0,0.10721784002959883,0,Low,0.3672150907257707
24,0,0.08194169925556088,0,Low,0.3672150907257707
25,1,0.8405830046756929,1,High,0.3672150907257707
26,1,0.8285903205332379,1,High,0.3672150907257707
27,1,0.9869932074715471,1,High,0.3672150907257707
28,1,0.9071074408737589,1,High,0.3672150907257707
29,0,0.3607161925400223,0,Medium,0.3672150907257707
30,0,0.22209343888922112,0,Low,0.3672150907257707
31,0,0.04938993046854718,0,Low,0.3672150907257707
32,1,0.9850626108882057,1,High,0.3672150907257707
33,1,0.1005568853513528,0,Low,0.3672150907257707
34,1,0.9922184674448729,1,High,0.3672150907257707
35,0,0.4243356946039184,1,Medium,0.3672150907257707
36,1,0.9906613913134779,1,High,0.3672150907257707
37,0,0.20071420852821384,0,Low,0.3672150907257707
38,0,0.06612698305821108,0,Low,0.3672150907257707
39,1,0.9896973185213891,1,High,0.3672150907257707
40,0,0.1031365874201046,0,Low,0.3672150907257707
41,1,0.9942928290488261,1,High,0.3672150907257707
42,0,0.029777282119866386,0,Low,0.3672150907257707
43,0,0.05457909756808101,0,Low,0.3672150907257707
44,0,0.04228523694178313,0,Low,0.3672150907257707
45,1,0.9938277822930535,1,High,0.3672150907257707
46,1,0.995985161192463,1,High,0.3672150907257707
47,0,0.0976396535662575,0,Low,0.3672150907257707
48,1,0.9758888488724503,1,High,0.3672150907257707
49,0,0.21319547590244517,0,Low,0.3672150907257707
50,1,0.9830874148427525,1,High,0.3672150907257707
51,0,0.09395574462035539,0,Low,0.3672150907257707
52,1,0.9963343092115065,1,High,0.3672150907257707
53,0,0.5906067205736664,1,Medium,0.3672150907257707
54,0,0.09344683749969296,0,Low,0.3672150907257707
55,0,0.09364819650004712,0,Low,0.3672150907257707
56,1,0.6335221823327724,1,High,0.3672150907257707
57,0,0.08674977685851665,0,Low,0.3672150907257707
58,0,0.07774339702891218,0,Low,0.3672150907257707
59,0,0.10462671888965028,0,Low,0.3672150907257707
60,1,0.9183386553475775,1,High,0.3672150907257707
61,0,0.07063441216334267,0,Low,0.3672150907257707
62,0,0.07485610797944864,0,Low,0.3672150907257707
63,1,0.30145980741286255,0,Medium,0.3672150907257707
64,1,0.9896382585478702,1,High,0.3672150907257707
65,0,0.03134198125805863,0,Low,0.3672150907257707
66,0,0.07383406637283427,0,Low,0.3672150907257707
67,0,0.33451120422151503,0,Medium,0.3672150907257707
68,0,0.0730530371196165,0,Low,0.3672150907257707
69,1,0.994183612488729,1,High,0.3672150907257707
70,1,0.12501528130927186,0,Low,0.3672150907257707
71,0,0.03169248006096976,0,Low,0.3672150907257707
72,1,0.9966438616345199,1,High,0.3672150907257707
73,0,0.2668214377723838,0,Low,0.3672150907257707
74,1,0.11039354812261072,0,Low,0.3672150907257707
75,1,0.9508827838717047,1,High,0.3672150907257707
76,0,0.08591225787561717,0,Low,0.3672150907257707
77,0,0.04797925445141043,0,Low,0.3672150907257707
78,0,0.12316393300644565,0,Low,0.3672150907257707
79,0,0.08218075256223041,0,Low,0.3672150907257707
80,1,0.9962960422229871,1,High,0.3672150907257707
81,1,0.18507659367397053,0,Low,0.3672150907257707
82,1,0.994483497976812,1,High,0.3672150907257707
83,0,0.08485211289720446,0,Low,0.3672150907257707
84,0,0.21588518650833743,0,Low,0.3672150907257707
85,0,0.31230420180415414,0,Medium,0.3672150907257707
86,0,0.9343902545595185,1,High,0.3672150907257707
87,0,0.0656428091393601,0,Low,0.3672150907257707
88,0,0.08134795449920398,0,Low,0.3672150907257707
89,0,0.10850122476112535,0,Low,0.3672150907257707
90,0,0.1310614512213973,0,Low,0.3672150907257707
91,0,0.07920491828968884,0,Low,0.3672150907257707
92,1,0.9920017859843742,1,High,0.3672150907257707
93,0,0.3492022440539151,0,Medium,0.3672150907257707
94,0,0.09499352099700684,0,Low,0.3672150907257707
95,0,0.1271604010031966,0,Low,0.3672150907257707
96,0,0.09378981193805606,0,Low,0.3672150907257707
97,0,0.08003867622606131,0,Low,0.3672150907257707
98,0,0.06615096858072753,0,Low,0.3672150907257707
99,1,0.9948129196835278,1,High,0.3672150907257707
100,0,0.2986684639170783,0,Low,0.3672150907257707
101,0,0.03581827080688527,0,Low,0.3672150907257707
102,1,0.06294585501539202,0,Low,0.3672150907257707
103,1,0.8428482038385037,1,High,0.3672150907257707
104,0,0.7569571687841958,1,High,0.3672150907257707
105,1,0.09642559458256801,0,Low,0.3672150907257707
106,0,0.022573630052014067,0,Low,0.3672150907257707
107,1,0.9703910354465172,1,High,0.3672150907257707
108,1,0.19393170907843169,0,Low,0.3672150907257707
109,0,0.05225541779573918,0,Low,0.3672150907257707
110,1,0.9408758390358497,1,High,0.3672150907257707
111,0,0.07421279279434516,0,Low,0.3672150907257707
112,0,0.258048639349997,0,Low,0.3672150907257707
113,0,0.058372471328362666,0,Low,0.3672150907257707
114,0,0.06745300141092776,0,Low,0.3672150907257707
115,1,0.6979421506379737,1,High,0.3672150907257707
116,0,0.09980153727539855,0,Low,0.3672150907257707
117,1,0.9668538395759533,1,High,0.3672150907257707
118,1,0.9967465353553412,1,High,0.3672150907257707
119,1,0.6219000393155191,1,High,0.3672150907257707
120,0,0.02223310418794885,0,Low,0.3672150907257707
121,1,0.17449498083065282,0,Low,0.3672150907257707
122,1,0.9769136919573301,1,High,0.3672150907257707
123,1,0.9917573328252377,1,High,0.3672150907257707
124,1,0.9918736227989599,1,High,0.3672150907257707
125,0,0.20550457378241485,0,Low,0.3672150907257707
126,0,0.1558637518617985,0,Low,0.3672150907257707
127,1,0.9950033442172859,1,High,0.3672150907257707
128,0,0.0982347197420777,0,Low,0.3672150907257707
129,1,0.9965037582357431,1,High,0.3672150907257707
130,0,0.028161889165963315,0,Low,0.3672150907257707
131,0,0.08539575076311282,0,Low,0.3672150907257707
132,0,0.4672634008266757,1,Medium,0.3672150907257707
133,0,0.08907653203123088,0,Low,0.3672150907257707
134,1,0.9949972418295376,1,High,0.3672150907257707
135,1,0.9937862554619145,1,High,0.3672150907257707
136,1,0.9328600013613982,1,High,0.3672150907257707
137,0,0.6709504521785017,1,High,0.3672150907257707
138,1,0.9797863522755712,1,High,0.3672150907257707
139,1,0.9764649012478619,1,High,0.3672150907257707
140,0,0.0637930294802974,0,Low,0.3672150907257707
141,1,0.9917203647527499,1,High,0.3672150907257707
142,0,0.11231150445840946,0,Low,0.3672150907257707
143,1,0.9780328437375555,1,High,0.3672150907257707
144,0,0.07906046902325962,0,Low,0.3672150907257707
145,1,0.728130273742994,1,High,0.3672150907257707
146,0,0.08470285204078713,0,Low,0.3672150907257707
147,0,0.09452190211667118,0,Low,0.3672150907257707
148,1,0.8600363516474302,1,High,0.3672150907257707
149,0,0.36217929103783975,0,Medium,0.3672150907257707
150,0,0.07174136795590338,0,Low,0.3672150907257707
151,0,0.03178951677043858,0,Low,0.3672150907257707
152,0,0.03743932698651497,0,Low,0.3672150907257707
153,0,0.9243122994972149,1,High,0.3672150907257707
154,0,0.0205192047368738,0,Low,0.3672150907257707
155,0,0.0400336478186512,0,Low,0.3672150907257707
156,0,0.026232505258244273,0,Low,0.3672150907257707
157,0,0.08294073709186345,0,Low,0.3672150907257707
158,0,0.10940678937507856,0,Low,0.3672150907257707
159,0,0.15432080197821496,0,Low,0.3672150907257707
160,0,0.07786842443992628,0,Low,0.3672150907257707
161,1,0.9889278535091292,1,High,0.3672150907257707
162,0,0.17918698182163814,0,Low,0.3672150907257707
163,1,0.15198163008659016,0,Low,0.3672150907257707
164,0,0.16037397992937574,0,Low,0.3672150907257707
165,0,0.18946063209993694,0,Low,0.3672150907257707
166,0,0.725586874903555,1,High,0.3672150907257707
167,1,0.8349579733504988,1,High,0.3672150907257707
168,1,0.07719097934665312,0,Low,0.3672150907257707
169,0,0.1669652537268934,0,Low,0.3672150907257707
170,1,0.986065145026504,1,High,0.3672150907257707
171,0,0.08654254275555998,0,Low,0.3672150907257707
172,1,0.990115555430207,1,High,0.3672150907257707
173,0,0.07796220570280213,0,Low,0.3672150907257707
174,0,0.06075316673583699,0,Low,0.3672150907257707
175,1,0.996215048850681,1,High,0.3672150907257707
176,0,0.818063181558582,1,High,0.3672150907257707
177,1,0.9947183301120787,1,High,0.3672150907257707
178,0,0.20928635360667447,0,Low,0.3672150907257707
179,0,0.02356601478942428,0,Low,0.3672150907257707
180,1,0.8371277010090928,1,High,0.3672150907257707
181,1,0.9967465353553412,1,High,0.3672150907257707
182,0,0.24604696405859028,0,Low,0.3672150907257707
183,0,0.23667165382326116,0,Low,0.3672150907257707
184,1,0.9915653977254189,1,High,0.3672150907257707
185,0,0.11596065791486913,0,Low,0.3672150907257707
186,0,0.0991907293640705,0,Low,0.3672150907257707
187,1,0.9852408809368678,1,High,0.3672150907257707
188,1,0.9835484615136264,1,High,0.3672150907257707
189,1,0.9695648216232066,1,High,0.3672150907257707
190,1,0.03647166230646944,0,Low,0.3672150907257707
191,1,0.9518314173644845,1,High,0.3672150907257707
192,0,0.0490896158660797,0,Low,0.3672150907257707
193,1,0.9962234503480712,1,High,0.3672150907257707
194,1,0.9924543984615468,1,High,0.3672150907257707
195,0,0.0823193200254486,0,Low,0.3672150907257707
196,0,0.029948023231125023,0,Low,0.3672150907257707
197,0,0.7605976802480461,1,High,0.3672150907257707
198,0,0.07854278507003909,0,Low,0.3672150907257707
199,0,0.10122857543713429,0,Low,0.3672150907257707
200,1,0.9940086632998701,1,High,0.3672150907257707
201,1,0.9882460558734364,1,High,0.3672150907257707
202,1,0.9831135708776646,1,High,0.3672150907257707
203,0,0.04810578011422941,0,Low,0.3672150907257707
204,1,0.8242408524133434,1,High,0.3672150907257707
205,0,0.05623687038469131,0,Low,0.3672150907257707
206,1,0.9901178410604132,1,High,0.3672150907257707
207,0,0.08531652898333585,0,Low,0.3672150907257707
208,0,0.060157751998472626,0,Low,0.3672150907257707
209,0,0.05636390763854372,0,Low,0.3672150907257707
210,0,0.08657146705660546,0,Low,0.3672150907257707
211,0,0.09698784021116148,0,Low,0.3672150907257707
212,1,0.996693981657739,1,High,0.3672150907257707
213,0,0.0669797589405253,0,Low,0.3672150907257707
214,1,0.6483932336912277,1,High,0.3672150907257707
215,0,0.29810372153916515,0,Low,0.3672150907257707
216,0,0.0906090071699703,0,Low,0.3672150907257707
217,0,0.06970537264372183,0,Low,0.3672150907257707
218,0,0.06396388648129925,0,Low,0.3672150907257707
219,1,0.6226802135687003,1,High,0.3672150907257707
220,0,0.056550300046683336,0,Low,0.3672150907257707
221,0,0.3420756646568917,0,Medium,0.3672150907257707
222,0,0.06848220473422736,0,Low,0.3672150907257707
223,0,0.21394812584994077,0,Low,0.3672150907257707
224,0,0.22623936826598032,0,Low,0.3672150907257707
225,0,0.045694516813775676,0,Low,0.3672150907257707
226,0,0.4850112053503367,1,Medium,0.3672150907257707
227,0,0.01950421956833415,0,Low,0.3672150907257707
228,0,0.16981001878299956,0,Low,0.3672150907257707
229,0,0.03282529732033453,0,Low,0.3672150907257707
230,1,0.7325669476293809,1,High,0.3672150907257707
231,1,0.9885905108358249,1,High,0.3672150907257707
232,1,0.9938123407685466,1,High,0.3672150907257707
233,0,0.06423131730266718,0,Low,0.3672150907257707
234,0,0.09436291397880689,0,Low,0.3672150907257707
235,0,0.6046395830903329,1,High,0.3672150907257707
236,1,0.9877067072461686,1,High,0.3672150907257707
237,1,0.9873270120689854,1,High,0.3672150907257707
238,0,0.11113327988287415,0,Low,0.3672150907257707
239,1,0.9965924562365296,1,High,0.3672150907257707
240,0,0.0847831287947127,0,Low,0.3672150907257707
241,0,0.2702672477809693,0,Low,0.3672150907257707
242,0,0.1609619435216012,0,Low,0.3672150907257707
243,0,0.08725450127813783,0,Low,0.3672150907257707
244,1,0.9765776655560433,1,High,0.3672150907257707
245,0,0.0727405176284061,0,Low,0.3672150907257707
246,0,0.09152475706680134,0,Low,0.3672150907257707
247,0,0.049395306408050316,0,Low,0.3672150907257707
248,0,0.052807302703971847,0,Low,0.3672150907257707
249,1,0.9394960982711503,1,High,0.3672150907257707
250,0,0.06714096904733859,0,Low,0.3672150907257707
251,0,0.0206362687256811,0,Low,0.3672150907257707
252,0,0.1486067776292775,0,Low,0.3672150907257707
253,1,0.9321243228639826,1,High,0.3672150907257707
254,1,0.6642338441611999,1,High,0.3672150907257707
255,0,0.22230089217390078,0,Low,0.3672150907257707
256,1,0.994013405902852,1,High,0.3672150907257707
257,0,0.2174941647311567,0,Low,0.3672150907257707
258,1,0.9953966744672958,1,High,0.3672150907257707
259,1,0.6438190935565672,1,High,0.3672150907257707
260,1,0.5612085240480084,1,Medium,0.3672150907257707
261,1,0.9835812868895089,1,High,0.3672150907257707
262,0,0.8216165888801904,1,High,0.3672150907257707
263,0,0.20918752139440508,0,Low,0.3672150907257707
264,0,0.07220059389429956,0,Low,0.3672150907257707
265,0,0.030338123089909595,0,Low,0.3672150907257707
266,0,0.08422254667362203,0,Low,0.3672150907257707
267,0,0.04136082686686812,0,Low,0.3672150907257707
268,1,0.9938193153719574,1,High,0.3672150907257707
269,0,0.07212372848069293,0,Low,0.3672150907257707
270,1,0.7484098758935491,1,High,0.3672150907257707
271,0,0.061811534344878565,0,Low,0.3672150907257707
272,1,0.9967044785364731,1,High,0.3672150907257707
273,0,0.03022372126977774,0,Low,0.3672150907257707
274,0,0.05474655621842783,0,Low,0.3672150907257707
275,0,0.27788084133221147,0,Low,0.3672150907257707
276,0,0.4549253263343221,1,Medium,0.3672150907257707
277,0,0.39362922773209347,1,Medium,0.3672150907257707
278,1,0.13694232879140303,0,Low,0.3672150907257707
279,1,0.996588146519171,1,High,0.3672150907257707
280,1,0.9682443954448562,1,High,0.3672150907257707
281,1,0.9960540816995928,1,High,0.3672150907257707
282,0,0.18892158568059483,0,Low,0.3672150907257707
283,0,0.07760421411760603,0,Low,0.3672150907257707
284,0,0.08792408204234428,0,Low,0.3672150907257707
285,0,0.09680395954707778,0,Low,0.3672150907257707
286,1,0.6441271012210423,1,High,0.3672150907257707
287,0,0.8146980231872797,1,High,0.3672150907257707
288,0,0.5729840686317824,1,Medium,0.3672150907257707
289,0,0.06056569421919207,0,Low,0.3672150907257707
290,0,0.07709128561533612,0,Low,0.3672150907257707
291,0,0.03632285097250197,0,Low,0.3672150907257707
292,1,0.14549182466876862,0,Low,0.3672150907257707
293,1,0.8319348247831024,1,High,0.3672150907257707
294,1,0.7838190208237167,1,High,0.3672150907257707
295,0,0.3901632029283227,1,Medium,0.3672150907257707
296,0,0.307417431035558,0,Medium,0.3672150907257707
297,1,0.842169893402133,1,High,0.3672150907257707
298,0,0.07537032114699505,0,Low,0.3672150907257707
299,0,0.19908321742832094,0,Low,0.3672150907257707
300,0,0.06868114541576262,0,Low,0.3672150907257707
301,0,0.04608691437400934,0,Low,0.3672150907257707
302,1,0.6006285388090451,1,High,0.3672150907257707
303,0,0.026346207626339428,0,Low,0.3672150907257707
304,1,0.99680300564227,1,High,0.3672150907257707
305,1,0.8939764108470738,1,High,0.3672150907257707
306,0,0.6979648078389986,1,High,0.3672150907257707
307,1,0.41359419317777957,1,Medium,0.3672150907257707
308,1,0.9899820537488937,1,High,0.3672150907257707
309,0,0.11576357290996818,0,Low,0.3672150907257707
310,0,0.06793162949439151,0,Low,0.3672150907257707
311,0,0.0834656147660754,0,Low,0.3672150907257707
312,1,0.9167970664143659,1,High,0.3672150907257707
313,1,0.9958806688345404,1,High,0.3672150907257707
314,0,0.12626229942405412,0,Low,0.3672150907257707
315,0,0.08758769881937081,0,Low,0.3672150907257707
316,1,0.91379984900189,1,High,0.3672150907257707
317,0,0.0799963550798375,0,Low,0.3672150907257707
318,1,0.8962759085066717,1,High,0.3672150907257707
319,0,0.25210322889551084,0,Low,0.3672150907257707
320,1,0.6897824083442574,1,High,0.3672150907257707
321,0,0.07217383639819232,0,Low,0.3672150907257707
322,1,0.8615851070851746,1,High,0.3672150907257707
323,1,0.9965037582357431,1,High,0.3672150907257707
324,1,0.987508303992543,1,High,0.3672150907257707
325,0,0.08034009471629834,0,Low,0.3672150907257707
326,0,0.6319097718493314,1,High,0.3672150907257707
327,0,0.5059687499028128,1,Medium,0.3672150907257707
328,1,0.9926721064131949,1,High,0.3672150907257707
329,0,0.25908560269483255,0,Low,0.3672150907257707
330,1,0.8423281236975654,1,High,0.3672150907257707
331,0,0.07143092753884736,0,Low,0.3672150907257707
332,1,0.928313004907946,1,High,0.3672150907257707
333,0,0.0942690258064357,0,Low,0.3672150907257707
334,0,0.11681028013881954,0,Low,0.3672150907257707
335,1,0.996693981657739,1,High,0.3672150907257707
336,1,0.18559421191509748,0,Low,0.3672150907257707
337,0,0.10069969812416205,0,Low,0.3672150907257707
338,1,0.034545344771639924,0,Low,0.3672150907257707
339,0,0.11772148003748412,0,Low,0.3672150907257707
340,0,0.044862368409588946,0,Low,0.3672150907257707
341,1,0.9960431381270299,1,High,0.3672150907257707
342,0,0.1855124946405108,0,Low,0.3672150907257707
343,1,0.9782764991731735,1,High,0.3672150907257707
344,0,0.07186086921444383,0,Low,0.3672150907257707
345,0,0.056487971267360236,0,Low,0.3672150907257707
346,1,0.8125962843712988,1,High,0.3672150907257707
347,0,0.08330417897110128,0,Low,0.3672150907257707
348,0,0.20257645938835964,0,Low,0.3672150907257707
349,1,0.9822524304322975,1,High,0.3672150907257707
350,0,0.10319065733486554,0,Low,0.3672150907257707
351,0,0.2789589200034938,0,Low,0.3672150907257707
352,1,0.995140191697882,1,High,0.3672150907257707
353,0,0.08495576008674953,0,Low,0.3672150907257707
354,0,0.039002869127720746,0,Low,0.3672150907257707
355,1,0.548040305952594,1,Medium,0.3672150907257707
356,0,0.07597435376265281,0,Low,0.3672150907257707
357,1,0.9958806688345404,1,High,0.3672150907257707
358,0,0.16665260840722426,0,Low,0.3672150907257707
359,0,0.07801213009955829,0,Low,0.3672150907257707
360,1,0.7524161000349845,1,High,0.3672150907257707
361,0,0.6149412144095019,1,High,0.3672150907257707
362,1,0.9867243798335351,1,High,0.3672150907257707
363,0,0.1370196294978802,0,Low,0.3672150907257707
364,0,0.10191696441617995,0,Low,0.3672150907257707
365,0,0.47505425247265226,1,Medium,0.3672150907257707
366,0,0.09398588953623715,0,Low,0.3672150907257707
367,1,0.9901872547327153,1,High,0.3672150907257707
368,0,0.28089227194647587,0,Low,0.3672150907257707
369,1,0.9907035412467555,1,High,0.3672150907257707
370,1,0.9954147422455213,1,High,0.3672150907257707
371,1,0.8548217760767953,1,High,0.3672150907257707
372,0,0.025810637505876078,0,Low,0.3672150907257707
373,1,0.9809038695573459,1,High,0.3672150907257707
374,0,0.076886418180351,0,Low,0.3672150907257707
375,0,0.03037093167525459,0,Low,0.3672150907257707
376,1,0.9918072001471,1,High,0.3672150907257707
377,0,0.06689223868517426,0,Low,0.3672150907257707
378,0,0.0930451696410045,0,Low,0.3672150907257707
379,1,0.6305045143651986,1,High,0.3672150907257707
380,0,0.08896547624081032,0,Low,0.3672150907257707
381,0,0.09645227676396742,0,Low,0.3672150907257707
382,1,0.9896718958509113,1,High,0.3672150907257707
383,0,0.10538179507128173,0,Low,0.3672150907257707
384,0,0.027652220199357536,0,Low,0.3672150907257707
385,1,0.9870752571095575,1,High,0.3672150907257707
386,1,0.9854202488502344,1,High,0.3672150907257707
387,0,0.07577370552893088,0,Low,0.3672150907257707
388,0,0.07121906600126754,0,Low,0.3672150907257707
389,1,0.6100985054225824,1,High,0.3672150907257707
390,0,0.08008715696322417,0,Low,0.3672150907257707
391,0,0.03565549789270312,0,Low,0.3672150907257707
392,0,0.15215264479980944,0,Low,0.3672150907257707
393,1,0.9871823163626527,1,High,0.3672150907257707
394,1,0.7585771738275975,1,High,0.3672150907257707
395,1,0.9960431381270299,1,High,0.3672150907257707
396,1,0.9967881007710662,1,High,0.3672150907257707
397,0,0.09025734387048692,0,Low,0.3672150907257707
398,0,0.0739906480630736,0,Low,0.3672150907257707
399,0,0.09169988295894856,0,Low,0.3672150907257707
400,0,0.08684771768537378,0,Low,0.3672150907257707
401,0,0.0915725354856176,0,Low,0.3672150907257707
402,0,0.08067002369546984,0,Low,0.3672150907257707
403,0,0.09527665641902329,0,Low,0.3672150907257707
404,0,0.08405903108167433,0,Low,0.3672150907257707
405,0,0.029390077631817856,0,Low,0.3672150907257707
406,0,0.07745253513458587,0,Low,0.3672150907257707
407,0,0.47719157882982677,1,Medium,0.3672150907257707
408,0,0.05692180675765613,0,Low,0.3672150907257707
409,1,0.43837999698180485,1,Medium,0.3672150907257707
410,0,0.09660452457160276,0,Low,0.3672150907257707
411,0,0.6036217015317045,1,High,0.3672150907257707
412,1,0.18170599910787144,0,Low,0.3672150907257707
413,1,0.877492156516149,1,High,0.3672150907257707
414,1,0.9963925597022261,1,High,0.3672150907257707
415,1,0.9965924562365296,1,High,0.3672150907257707
416,1,0.6779273720405633,1,High,0.3672150907257707
417,1,0.9942332303372532,1,High,0.3672150907257707
418,0,0.08808653718466532,0,Low,0.3672150907257707
419,1,0.9904776740367477,1,High,0.3672150907257707
420,0,0.19411637780876728,0,Low,0.3672150907257707
421,1,0.995356888470612,1,High,0.3672150907257707
422,0,0.683500541645816,1,High,0.3672150907257707
423,0,0.15819098672395368,0,Low,0.3672150907257707
424,1,0.9938230202193955,1,High,0.3672150907257707
425,0,0.08504079066271514,0,Low,0.3672150907257707
426,1,0.9823925344951111,1,High,0.3672150907257707
427,0,0.08183398260378356,0,Low,0.3672150907257707
428,1,0.7866140302475866,1,High,0.3672150907257707
429,1,0.99680300564227,1,High,0.3672150907257707
430,0,0.12194395405097525,0,Low,0.3672150907257707
431,1,0.9796771668808388,1,High,0.3672150907257707
432,0,0.10826024997370533,0,Low,0.3672150907257707
433,1,0.7385402385347054,1,High,0.3672150907257707
434,0,0.9393478769525389,1,High,0.3672150907257707
435,0,0.1104912979736243,0,Low,0.3672150907257707
436,1,0.9962768338399759,1,High,0.3672150907257707
437,0,0.08508890456917445,0,Low,0.3672150907257707
438,0,0.05778330310655499,0,Low,0.3672150907257707
439,1,0.2883093675744844,0,Low,0.3672150907257707
440,1,0.9587702436575213,1,High,0.3672150907257707
441,1,0.9966618345835528,1,High,0.3672150907257707
442,0,0.06930954946565901,0,Low,0.3672150907257707
443,1,0.9964063672502161,1,High,0.3672150907257707
444,0,0.049967353480017906,0,Low,0.3672150907257707
445,0,0.042696174767813434,0,Low,0.3672150907257707
446,1,0.30902086774257026,0,Medium,0.3672150907257707
447,1,0.9907683780788347,1,High,0.3672150907257707
448,1,0.9958081712245642,1,High,0.3672150907257707
449,0,0.08295739441569988,0,Low,0.3672150907257707
450,1,0.9907050075266596,1,High,0.3672150907257707
451,0,0.9665236525203096,1,High,0.3672150907257707
452,0,0.8421571975130638,1,High,0.3672150907257707
453,1,0.6470170527684277,1,High,0.3672150907257707
454,0,0.06652306692756196,0,Low,0.3672150907257707
455,0,0.031954324229233014,0,Low,0.3672150907257707
456,0,0.05394278034188116,0,Low,0.3672150907257707
457,0,0.217119866849605,0,Low,0.3672150907257707
458,0,0.6066911308118782,1,High,0.3672150907257707
459,0,0.744751305629432,1,High,0.3672150907257707
460,0,0.18457859184290076,0,Low,0.3672150907257707
461,0,0.18714076868136764,0,Low,0.3672150907257707
462,0,0.08674637316471638,0,Low,0.3672150907257707
463,1,0.7543502020280217,1,High,0.3672150907257707
464,0,0.07507305846671286,0,Low,0.3672150907257707
465,0,0.04667004669873813,0,Low,0.3672150907257707
466,1,0.9960431381270299,1,High,0.3672150907257707
467,1,0.8977598653863703,1,High,0.3672150907257707
468,0,0.029042861733592693,0,Low,0.3672150907257707
469,0,0.08867304502950538,0,Low,0.3672150907257707
470,0,0.07350050537891088,0,Low,0.3672150907257707
471,0,0.11810730896796076,0,Low,0.3672150907257707
472,0,0.10368273262366387,0,Low,0.3672150907257707
473,1,0.993192772231672,1,High,0.3672150907257707
474,0,0.6668084286161777,1,High,0.3672150907257707
475,1,0.9727522402530897,1,High,0.3672150907257707
476,1,0.994686234415908,1,High,0.3672150907257707
477,0,0.0744370447979065,0,Low,0.3672150907257707
478,0,0.09416622796481626,0,Low,0.3672150907257707
479,1,0.8502967493865394,1,High,0.3672150907257707
480,1,0.6814958315035794,1,High,0.3672150907257707
481,0,0.20027687620290296,0,Low,0.3672150907257707
482,0,0.06927824213713009,0,Low,0.3672150907257707
483,1,0.9820373420883696,1,High,0.3672150907257707
484,1,0.9899861526728564,1,High,0.3672150907257707
485,0,0.6063697010140608,1,High,0.3672150907257707
486,0,0.039193213550289666,0,Low,0.3672150907257707
487,0,0.40360186186290586,1,Medium,0.3672150907257707
488,0,0.026969137140332562,0,Low,0.3672150907257707
489,0,0.08235246364884294,0,Low,0.3672150907257707
490,0,0.02458454560774604,0,Low,0.3672150907257707
491,1,0.9936901275927538,1,High,0.3672150907257707
492,1,0.9904719250511732,1,High,0.3672150907257707
493,1,0.9903126967443585,1,High,0.3672150907257707
494,0,0.07105243978962028,0,Low,0.3672150907257707
495,1,0.9937815598889014,1,High,0.3672150907257707
496,0,0.09444659314902788,0,Low,0.3672150907257707
497,0,0.07038293405214159,0,Low,0.3672150907257707
498,1,0.18668581519785946,0,Low,0.3672150907257707
499,0,0.08423242720469659,0,Low,0.3672150907257707
500,0,0.3880154707724389,1,Medium,0.3672150907257707
501,1,0.990550012995619,1,High,0.3672150907257707
502,0,0.10947742567636302,0,Low,0.3672150907257707
503,0,0.4355388463522361,1,Medium,0.3672150907257707
504,0,0.03172334763739193,0,Low,0.3672150907257707
505,0,0.04168378483119338,0,Low,0.3672150907257707
506,0,0.16043068828979043,0,Low,0.3672150907257707
507,0,0.06566111854437215,0,Low,0.3672150907257707
508,0,0.07770345171333776,0,Low,0.3672150907257707
509,0,0.05192594709354805,0,Low,0.3672150907257707
510,0,0.11050093293042798,0,Low,0.3672150907257707
511,0,0.06623892457228053,0,Low,0.3672150907257707
512,0,0.07939408184112232,0,Low,0.3672150907257707
513,1,0.9912370171990166,1,High,0.3672150907257707
514,1,0.99071985572819,1,High,0.3672150907257707
515,0,0.24344873254312552,0,Low,0.3672150907257707
516,0,0.0497673100839618,0,Low,0.3672150907257707
517,0,0.05838783312528179,0,Low,0.3672150907257707
518,0,0.14400044233709525,0,Low,0.3672150907257707
519,0,0.027460899068394704,0,Low,0.3672150907257707
520,0,0.1695789830695526,0,Low,0.3672150907257707
521,1,0.9967272480762674,1,High,0.3672150907257707
522,1,0.4241503901089925,1,Medium,0.3672150907257707
523,0,0.09702656721826769,0,Low,0.3672150907257707
524,1,0.9942928290488261,1,High,0.3672150907257707
525,0,0.19100396117205093,0,Low,0.3672150907257707
526,1,0.9892142186623446,1,High,0.3672150907257707
527,1,0.6679638813013409,1,High,0.3672150907257707
528,0,0.10542095366286043,0,Low,0.3672150907257707
529,0,0.10401119628332801,0,Low,0.3672150907257707
530,0,0.45346548913591606,1,Medium,0.3672150907257707
531,0,0.2802895216632175,0,Low,0.3672150907257707
532,0,0.11360492402224184,0,Low,0.3672150907257707
533,0,0.12193797157568818,0,Low,0.3672150907257707
534,0,0.06242918313246813,0,Low,0.3672150907257707
535,0,0.03328984618554714,0,Low,0.3672150907257707
536,0,0.26731914761488695,0,Low,0.3672150907257707
537,0,0.051826754912600366,0,Low,0.3672150907257707
538,0,0.07150052321762906,0,Low,0.3672150907257707
539,1,0.06889576100976692,0,Low,0.3672150907257707
540,1,0.04135293301102696,0,Low,0.3672150907257707
541,1,0.8421114689331903,1,High,0.3672150907257707
542,1,0.1705368476168315,0,Low,0.3672150907257707
543,1,0.029298224695256725,0,Low,0.3672150907257707
544,0,0.06568472171178236,0,Low,0.3672150907257707
545,0,0.3954638884153505,1,Medium,0.3672150907257707
546,1,0.9926474987579288,1,High,0.3672150907257707
547,0,0.4317828882463315,1,Medium,0.3672150907257707
548,1,0.9936721095206564,1,High,0.3672150907257707
549,0,0.0770070711336918,0,Low,0.3672150907257707
550,1,0.9960431381270299,1,High,0.3672150907257707
551,0,0.06509538729647686,0,Low,0.3672150907257707
552,1,0.2589654347191792,0,Low,0.3672150907257707
553,0,0.11975930983025569,0,Low,0.3672150907257707
554,1,0.9740663042103354,1,High,0.3672150907257707
555,0,0.07392469615803318,0,Low,0.3672150907257707
556,1,0.9905243702553863,1,High,0.3672150907257707
557,1,0.9899974555571847,1,High,0.3672150907257707
558,1,0.19881687036128556,0,Low,0.3672150907257707
559,1,0.9887104495851495,1,High,0.3672150907257707
560,0,0.3422479117421729,0,Medium,0.3672150907257707
561,0,0.09530866807311202,0,Low,0.3672150907257707
562,1,0.9963851544219587,1,High,0.3672150907257707
563,0,0.4761499238414878,1,Medium,0.3672150907257707
564,1,0.9917339255744194,1,High,0.3672150907257707
565,0,0.09095610566834754,0,Low,0.3672150907257707
566,0,0.07143848708186461,0,Low,0.3672150907257707
567,1,0.9844215465232953,1,High,0.3672150907257707
568,0,0.05845874247333327,0,Low,0.3672150907257707
569,1,0.9892949710128517,1,High,0.3672150907257707
570,0,0.05209009758328487,0,Low,0.3672150907257707
571,0,0.039941866115023865,0,Low,0.3672150907257707
572,0,0.036237379423535165,0,Low,0.3672150907257707
573,0,0.017431300147814036,0,Low,0.3672150907257707
574,0,0.09784249518133972,0,Low,0.3672150907257707
575,0,0.06749397776246052,0,Low,0.3672150907257707
576,0,0.023468579414440957,0,Low,0.3672150907257707
577,1,0.9872653840813839,1,High,0.3672150907257707
578,0,0.025969484982923417,0,Low,0.3672150907257707
579,1,0.8401593800510794,1,High,0.3672150907257707
580,1,0.9956196985149067,1,High,0.3672150907257707
581,1,0.197950739513791,0,Low,0.3672150907257707
582,1,0.9967465353553412,1,High,0.3672150907257707
583,1,0.9699988668209292,1,High,0.3672150907257707
584,0,0.023776667872912875,0,Low,0.3672150907257707
585,0,0.08813807696838588,0,Low,0.3672150907257707
586,1,0.996283455895443,1,High,0.3672150907257707
587,0,0.03965400261900448,0,Low,0.3672150907257707
588,0,0.05061897449416726,0,Low,0.3672150907257707
589,0,0.07956371434228167,0,Low,0.3672150907257707
590,1,0.9875070500997069,1,High,0.3672150907257707
591,1,0.9955485652560181,1,High,0.3672150907257707
592,1,0.9761221820866338,1,High,0.3672150907257707
593,1,0.994016986683918,1,High,0.3672150907257707
594,0,0.03872035745776268,0,Low,0.3672150907257707
595,0,0.042455205602971585,0,Low,0.3672150907257707
596,1,0.8961237492897848,1,High,0.3672150907257707
597,1,0.9903873074447116,1,High,0.3672150907257707
598,0,0.7181000380348123,1,High,0.3672150907257707
599,1,0.995811241409081,1,High,0.3672150907257707
600,0,0.10779865756767065,0,Low,0.3672150907257707
601,0,0.0996823639814584,0,Low,0.3672150907257707
602,0,0.10892305843793905,0,Low,0.3672150907257707
603,0,0.0816717300186016,0,Low,0.3672150907257707
604,1,0.07198279595202821,0,Low,0.3672150907257707
605,0,0.5133790308429633,1,Medium,0.3672150907257707
606,1,0.9598389937126769,1,High,0.3672150907257707
607,0,0.19038643498938168,0,Low,0.3672150907257707
608,0,0.3692547322353713,1,Medium,0.3672150907257707
609,0,0.021666993263268583,0,Low,0.3672150907257707
610,0,0.10085927358629394,0,Low,0.3672150907257707
611,1,0.9962802486636894,1,High,0.3672150907257707
612,0,0.10615047697711223,0,Low,0.3672150907257707
613,0,0.0838267308306001,0,Low,0.3672150907257707
614,0,0.07472959377075868,0,Low,0.3672150907257707
615,0,0.23791677560475752,0,Low,0.3672150907257707
616,0,0.06946641527842663,0,Low,0.3672150907257707
617,1,0.07051283642729037,0,Low,0.3672150907257707
618,1,0.9865718090479707,1,High,0.3672150907257707
619,0,0.0774027096717364,0,Low,0.3672150907257707
620,1,0.18459983217485643,0,Low,0.3672150907257707
621,0,0.17417313638821605,0,Low,0.3672150907257707
622,1,0.9745747276887028,1,High,0.3672150907257707
623,0,0.21914373471167303,0,Low,0.3672150907257707
624,0,0.11636472010611842,0,Low,0.3672150907257707
625,0,0.6915297430938854,1,High,0.3672150907257707
626,0,0.07635993674420508,0,Low,0.3672150907257707
627,1,0.9836710032053204,1,High,0.3672150907257707
628,1,0.9697839441964236,1,High,0.3672150907257707
629,1,0.5841723472072561,1,Medium,0.3672150907257707
630,1,0.9965037582357431,1,High,0.3672150907257707
631,1,0.9833819835643809,1,High,0.3672150907257707
632,1,0.9793446937511445,1,High,0.3672150907257707
633,1,0.989289174927762,1,High,0.3672150907257707
634,0,0.09155450746797411,0,Low,0.3672150907257707
635,0,0.06638628124165614,0,Low,0.3672150907257707
636,1,0.9873820665019487,1,High,0.3672150907257707
637,1,0.9963720461726268,1,High,0.3672150907257707
638,0,0.033987464046802855,0,Low,0.3672150907257707
639,0,0.06586357108817133,0,Low,0.3672150907257707
640,0,0.09397603052673732,0,Low,0.3672150907257707
641,1,0.9886672159305817,1,High,0.3672150907257707
642,0,0.08696282015002396,0,Low,0.3672150907257707
643,1,0.9891191536652642,1,High,0.3672150907257707
644,1,0.9952945119725821,1,High,0.3672150907257707
645,1,0.26640158442992173,0,Low,0.3672150907257707
646,0,0.06669111960115677,0,Low,0.3672150907257707
647,1,0.9502239712033754,1,High,0.3672150907257707
648,0,0.020400206385574812,0,Low,0.3672150907257707
649,0,0.04995437493003603,0,Low,0.3672150907257707
650,1,0.9510543045024139,1,High,0.3672150907257707
651,0,0.13100663796091058,0,Low,0.3672150907257707
652,0,0.05502524141782399,0,Low,0.3672150907257707
653,0,0.08897248112256413,0,Low,0.3672150907257707
654,0,0.4812023173457003,1,Medium,0.3672150907257707
655,0,0.08951138283951784,0,Low,0.3672150907257707
656,0,0.06258182062402079,0,Low,0.3672150907257707
657,0,0.021642160103425546,0,Low,0.3672150907257707
658,1,0.8455014298652754,1,High,0.3672150907257707
659,1,0.7391660104666958,1,High,0.3672150907257707
660,1,0.794766390803973,1,High,0.3672150907257707
661,0,0.051209854954197394,0,Low,0.3672150907257707
662,1,0.7887093786257892,1,High,0.3672150907257707
663,0,0.06257695502612402,0,Low,0.3672150907257707
664,0,0.06676323792466697,0,Low,0.3672150907257707
665,0,0.07221130138510383,0,Low,0.3672150907257707
666,1,0.9778338330549221,1,High,0.3672150907257707
667,1,0.18888457143174256,0,Low,0.3672150907257707
668,0,0.07811337078121,0,Low,0.3672150907257707
669,1,0.7335643489482732,1,High,0.3672150907257707
670,1,0.9965037582357431,1,High,0.3672150907257707
671,0,0.18332401095910403,0,Low,0.3672150907257707
672,1,0.6272971746845021,1,High,0.3672150907257707
673,0,0.047852544843973756,0,Low,0.3672150907257707
674,1,0.9962234503480712,1,High,0.3672150907257707
675,0,0.10649581125779939,0,Low,0.3672150907257707
676,0,0.05383224260614762,0,Low,0.3672150907257707
677,0,0.07829602061490525,0,Low,0.3672150907257707
678,0,0.1451080178357418,0,Low,0.3672150907257707
679,1,0.9604435718913051,1,High,0.3672150907257707
680,0,0.03905134112095432,0,Low,0.3672150907257707
681,0,0.08364978369376681,0,Low,0.3672150907257707
682,0,0.07020527661167664,0,Low,0.3672150907257707
683,0,0.0977495299020182,0,Low,0.3672150907257707
684,0,0.024999688666770773,0,Low,0.3672150907257707
685,1,0.9967044785364731,1,High,0.3672150907257707
686,1,0.996719770181036,1,High,0.3672150907257707
687,0,0.057616857598029224,0,Low,0.3672150907257707
688,0,0.0796033013894919,0,Low,0.3672150907257707
689,1,0.9959744322626815,1,High,0.3672150907257707
690,0,0.19480222647094048,0,Low,0.3672150907257707
691,0,0.02913444320655055,0,Low,0.3672150907257707
692,1,0.9858199009726565,1,High,0.3672150907257707
693,1,0.07246964017290165,0,Low,0.3672150907257707
694,1,0.9851133874251486,1,High,0.3672150907257707
695,0,0.024125069331162312,0,Low,0.3672150907257707
696,1,0.9954023104066566,1,High,0.3672150907257707
697,0,0.16354747793973,0,Low,0.3672150907257707
698,0,0.07777797704392714,0,Low,0.3672150907257707
699,0,0.02492870490705334,0,Low,0.3672150907257707
700,1,0.9642800225675331,1,High,0.3672150907257707
701,0,0.051381948020521546,0,Low,0.3672150907257707
702,1,0.9494742709409458,1,High,0.3672150907257707
703,0,0.07736287894188934,0,Low,0.3672150907257707
704,0,0.5520004943648426,1,Medium,0.3672150907257707
705,0,0.29813465899948566,0,Low,0.3672150907257707
706,0,0.07055365763041718,0,Low,0.3672150907257707
707,0,0.05690276619658299,0,Low,0.3672150907257707
708,0,0.0832667447827491,0,Low,0.3672150907257707
709,0,0.07498421274225718,0,Low,0.3672150907257707
710,1,0.984508990199101,1,High,0.3672150907257707
711,0,0.09867585345066748,0,Low,0.3672150907257707
712,0,0.08299501550994855,0,Low,0.3672150907257707
713,0,0.08356565162993465,0,Low,0.3672150907257707
714,1,0.990347383945021,1,High,0.3672150907257707
715,0,0.2951717780415217,0,Low,0.3672150907257707
716,1,0.7746090713006751,1,High,0.3672150907257707
717,1,0.8086706063602214,1,High,0.3672150907257707
718,1,0.9881291887209701,1,High,0.3672150907257707
719,0,0.14727522285729047,0,Low,0.3672150907257707
720,1,0.7011863216502491,1,High,0.3672150907257707
721,1,0.9902301937605649,1,High,0.3672150907257707
722,0,0.08434874392902232,0,Low,0.3672150907257707
723,0,0.07801707087071276,0,Low,0.3672150907257707
724,0,0.07251961944790623,0,Low,0.3672150907257707
725,0,0.1780432859569359,0,Low,0.3672150907257707
