horizon,test_index_local,true_label,dropout_probability,binary_prediction,risk_label
t0,0,0,0.0880553758888489,0,Low
t0,1,0,0.2826665554557429,0,Low
t0,2,1,0.3445309064309614,0,Medium
t0,3,0,0.2398625105692315,0,Low
t0,4,0,0.4587746567320598,1,Medium
t0,5,0,0.16269234810318875,0,Low
t0,6,0,0.28833442247838764,0,Low
t0,7,1,0.4459559285945257,1,Medium
t0,8,0,0.3361427981506768,0,Medium
t0,9,1,0.9253543032653591,1,High
t0,10,0,0.16649632767369718,0,Low
t0,11,0,0.13641762422325424,0,Low
t0,12,0,0.2708571763627816,0,Low
t0,13,1,0.5777966732296127,1,Medium
t0,14,0,0.6089056642566328,1,High
t0,15,0,0.22333540100125937,0,Low
t0,16,0,0.3389849495872508,0,Medium
t0,17,0,0.19757101602569957,0,Low
t0,18,0,0.5510911240740235,1,Medium
t0,19,0,0.08673042071471522,0,Low
t0,20,0,0.22672528139994677,0,Low
t0,21,1,0.0951366323455166,0,Low
t0,22,0,0.3482470801640351,0,Medium
t0,23,0,0.21133857015617397,0,Low
t0,24,0,0.5659310848411513,1,Medium
t0,25,1,0.6118013207203411,1,High
t0,26,1,0.28165397693107863,0,Low
t0,27,1,0.4558365404343492,1,Medium
t0,28,1,0.7396009862763708,1,High
t0,29,0,0.2663882805788589,0,Low
t0,30,0,0.19741649375426967,0,Low
t0,31,0,0.2039183601722487,0,Low
t0,32,1,0.6010599104612964,1,High
t0,33,1,0.4207205740539211,1,Medium
t0,34,1,0.6073005016478211,1,High
t0,35,0,0.30816307120504893,0,Medium
t0,36,1,0.9044370420589551,1,High
t0,37,0,0.41844483517997966,1,Medium
t0,38,0,0.20010792851843506,0,Low
t0,39,1,0.41028593485236986,1,Medium
t0,40,0,0.3115714982830471,0,Medium
t0,41,1,0.48458711627125,1,Medium
t0,42,0,0.09499825931624953,0,Low
t0,43,0,0.35770154968736073,0,Medium
t0,44,0,0.17566734864656877,0,Low
t0,45,1,0.7542032164381007,1,High
t0,46,1,0.9273836819006989,1,High
t0,47,0,0.22588772503454416,0,Low
t0,48,1,0.9331487594991885,1,High
t0,49,0,0.49384253742562045,1,Medium
t0,50,1,0.6087454855816715,1,High
t0,51,0,0.32402061487339273,0,Medium
t0,52,1,0.9267467370995299,1,High
t0,53,0,0.18247232676799024,0,Low
t0,54,0,0.17030485490529962,0,Low
t0,55,0,0.15237549570652478,0,Low
t0,56,1,0.4483621675878308,1,Medium
t0,57,0,0.08677645088879433,0,Low
t0,58,0,0.1522916815589926,0,Low
t0,59,0,0.528310292557954,1,Medium
t0,60,1,0.42081982876439855,1,Medium
t0,61,0,0.31843285156811374,0,Medium
t0,62,0,0.4081249218451118,1,Medium
t0,63,1,0.34041972850633084,0,Medium
t0,64,1,0.21660804405403616,0,Low
t0,65,0,0.41468015350462745,1,Medium
t0,66,0,0.1933513277943926,0,Low
t0,67,0,0.18959692557523333,0,Low
t0,68,0,0.2212668995455562,0,Low
t0,69,1,0.8298653608311606,1,High
t0,70,1,0.46733129310041144,1,Medium
t0,71,0,0.16992137744080732,0,Low
t0,72,1,0.9372716963815506,1,High
t0,73,0,0.09682039576471284,0,Low
t0,74,1,0.1035170736290618,0,Low
t0,75,1,0.8980705805538199,1,High
t0,76,0,0.2888205923391094,0,Low
t0,77,0,0.1041255494478188,0,Low
t0,78,0,0.09540807452919967,0,Low
t0,79,0,0.11394215082770513,0,Low
t0,80,1,0.9368296898205873,1,High
t0,81,1,0.7629173192926164,1,High
t0,82,1,0.7842495384406963,1,High
t0,83,0,0.2166013572443424,0,Low
t0,84,0,0.3089649043675214,0,Medium
t0,85,0,0.6483340612713879,1,High
t0,86,0,0.8488755301563342,1,High
t0,87,0,0.5155206322318715,1,Medium
t0,88,0,0.26456357242406936,0,Low
t0,89,0,0.5371599274676526,1,Medium
t0,90,0,0.19323336470947405,0,Low
t0,91,0,0.14311420412871542,0,Low
t0,92,1,0.2468962171573103,0,Low
t0,93,0,0.31735084318514567,0,Medium
t0,94,0,0.2679551805392571,0,Low
t0,95,0,0.3922894512271423,0,Medium
t0,96,0,0.15890715853826803,0,Low
t0,97,0,0.22580788287583944,0,Low
t0,98,0,0.1195934238369573,0,Low
t0,99,1,0.6472834232308278,1,High
t0,100,0,0.22532926140063414,0,Low
t0,101,0,0.08408928707253976,0,Low
t0,102,1,0.20241266771572797,0,Low
t0,103,1,0.7247726895680476,1,High
t0,104,0,0.6376591591874259,1,High
t0,105,1,0.34671337046184586,0,Medium
t0,106,0,0.08784455835078392,0,Low
t0,107,1,0.15703903726272497,0,Low
t0,108,1,0.7627474766678283,1,High
t0,109,0,0.20957143095522318,0,Low
t0,110,1,0.9303830930878976,1,High
t0,111,0,0.1924679052508101,0,Low
t0,112,0,0.1926788553861188,0,Low
t0,113,0,0.25744676373766934,0,Low
t0,114,0,0.4944502264320526,1,Medium
t0,115,1,0.7330497023661113,1,High
t0,116,0,0.09234932256701649,0,Low
t0,117,1,0.9242719998468248,1,High
t0,118,1,0.9302204394285897,1,High
t0,119,1,0.5596275255349744,1,Medium
t0,120,0,0.15014008176104043,0,Low
t0,121,1,0.6944014586225943,1,High
t0,122,1,0.16879045800459805,0,Low
t0,123,1,0.6928374288102991,1,High
t0,124,1,0.4880876843183965,1,Medium
t0,125,0,0.13662181869225362,0,Low
t0,126,0,0.6171117714260831,1,High
t0,127,1,0.46740039648578413,1,Medium
t0,128,0,0.2087994120204266,0,Low
t0,129,1,0.9372716963815506,1,High
t0,130,0,0.11456833315597281,0,Low
t0,131,0,0.37110273461537857,0,Medium
t0,132,0,0.11606048232707021,0,Low
t0,133,0,0.155322638585536,0,Low
t0,134,1,0.6340392307949574,1,High
t0,135,1,0.9002172525220988,1,High
t0,136,1,0.3267246975803384,0,Medium
t0,137,0,0.5088640299363882,1,Medium
t0,138,1,0.38658459501112064,0,Medium
t0,139,1,0.09699291556428377,0,Low
t0,140,0,0.29258191403635,0,Low
t0,141,1,0.5649005193365972,1,Medium
t0,142,0,0.12717610735410978,0,Low
t0,143,1,0.9160820499505874,1,High
t0,144,0,0.5476258350586651,1,Medium
t0,145,1,0.4569168719350792,1,Medium
t0,146,0,0.1825700219993495,0,Low
t0,147,0,0.10326728257053779,0,Low
t0,148,1,0.8076812724520509,1,High
t0,149,0,0.7174073218830335,1,High
t0,150,0,0.12173226226969429,0,Low
t0,151,0,0.29388447439251797,0,Low
t0,152,0,0.08408928707253976,0,Low
t0,153,0,0.46016693582928436,1,Medium
t0,154,0,0.09138519384432724,0,Low
t0,155,0,0.14795426828593936,0,Low
t0,156,0,0.09854449112051497,0,Low
t0,157,0,0.17136226903485888,0,Low
t0,158,0,0.14202911784989217,0,Low
t0,159,0,0.36934207493155513,0,Medium
t0,160,0,0.17345416440203934,0,Low
t0,161,1,0.30881775059783134,0,Medium
t0,162,0,0.16679448977867437,0,Low
t0,163,1,0.2831787057931419,0,Low
t0,164,0,0.21991147925990365,0,Low
t0,165,0,0.5613841687990646,1,Medium
t0,166,0,0.6296734659133049,1,High
t0,167,1,0.6758130874533769,1,High
t0,168,1,0.33296167354620354,0,Medium
t0,169,0,0.26062988558349326,0,Low
t0,170,1,0.9346124388099372,1,High
t0,171,0,0.40416534028544315,1,Medium
t0,172,1,0.9267608695087987,1,High
t0,173,0,0.291815152015625,0,Low
t0,174,0,0.12718332085116707,0,Low
t0,175,1,0.9047428464033036,1,High
t0,176,0,0.764762051316545,1,High
t0,177,1,0.3927812804445848,0,Medium
t0,178,0,0.1827500605676728,0,Low
t0,179,0,0.0891388599710113,0,Low
t0,180,1,0.8479009986295506,1,High
t0,181,1,0.9359207571422462,1,High
t0,182,0,0.8332430791403871,1,High
t0,183,0,0.5089722909127806,1,Medium
t0,184,1,0.47311999603975413,1,Medium
t0,185,0,0.23124929453477258,0,Low
t0,186,0,0.08820695044768019,0,Low
t0,187,1,0.8586897710967446,1,High
t0,188,1,0.33925929012670825,0,Medium
t0,189,1,0.9344843111641238,1,High
t0,190,1,0.363652833227592,0,Medium
t0,191,1,0.45413957682127704,1,Medium
t0,192,0,0.32671448631864847,0,Medium
t0,193,1,0.9372716963815506,1,High
t0,194,1,0.1915437528710633,0,Low
t0,195,0,0.13401991236887706,0,Low
t0,196,0,0.11761856723745344,0,Low
t0,197,0,0.12949491672148417,0,Low
t0,198,0,0.1682794850737125,0,Low
t0,199,0,0.09423938896457272,0,Low
t0,200,1,0.8491346921144552,1,High
t0,201,1,0.9289064291529138,1,High
t0,202,1,0.16963798505258226,0,Low
t0,203,0,0.2062022142025749,0,Low
t0,204,1,0.24638029295607178,0,Low
t0,205,0,0.21355564838649538,0,Low
t0,206,1,0.28021583779027265,0,Low
t0,207,0,0.164441870602889,0,Low
t0,208,0,0.3257641453544442,0,Medium
t0,209,0,0.08632386564291233,0,Low
t0,210,0,0.11101509714767664,0,Low
t0,211,0,0.1951938455331739,0,Low
t0,212,1,0.9304926279786314,1,High
t0,213,0,0.23797399478793907,0,Low
t0,214,1,0.2676427643713308,0,Low
t0,215,0,0.24394631874467027,0,Low
t0,216,0,0.20115872067679108,0,Low
t0,217,0,0.09902353321003876,0,Low
t0,218,0,0.19894007139591477,0,Low
t0,219,1,0.4849439220387625,1,Medium
t0,220,0,0.12969549099668384,0,Low
t0,221,0,0.16062145057634103,0,Low
t0,222,0,0.6302848830901893,1,High
t0,223,0,0.16012569891578068,0,Low
t0,224,0,0.3379466551599487,0,Medium
t0,225,0,0.09201894574791998,0,Low
t0,226,0,0.4244123765048083,1,Medium
t0,227,0,0.08176250674723821,0,Low
t0,228,0,0.24872477764908896,0,Low
t0,229,0,0.2855781004784237,0,Low
t0,230,1,0.7019224365786702,1,High
t0,231,1,0.5922280476387379,1,Medium
t0,232,1,0.7563135629980025,1,High
t0,233,0,0.18954584057673507,0,Low
t0,234,0,0.2700212649601862,0,Low
t0,235,0,0.23800081897279243,0,Low
t0,236,1,0.23522820538784833,0,Low
t0,237,1,0.9311051471535178,1,High
t0,238,0,0.1965977237774601,0,Low
t0,239,1,0.9307160386168242,1,High
t0,240,0,0.2736180628494513,0,Low
t0,241,0,0.2555417277322939,0,Low
t0,242,0,0.3929212673178091,0,Medium
t0,243,0,0.22726365096337275,0,Low
t0,244,1,0.7504322569875874,1,High
t0,245,0,0.1800470807571844,0,Low
t0,246,0,0.22711675408467086,0,Low
t0,247,0,0.1271758947542176,0,Low
t0,248,0,0.1995316547603708,0,Low
t0,249,1,0.6412173472644905,1,High
t0,250,0,0.242224894842095,0,Low
t0,251,0,0.14635173576231905,0,Low
t0,252,0,0.354141326840836,0,Medium
t0,253,1,0.88442655876779,1,High
t0,254,1,0.5047089609519972,1,Medium
t0,255,0,0.27248491574165656,0,Low
t0,256,1,0.9372716963815506,1,High
t0,257,0,0.27804912149376565,0,Low
t0,258,1,0.5683773426777365,1,Medium
t0,259,1,0.7016271841653894,1,High
t0,260,1,0.38089795963433376,0,Medium
t0,261,1,0.8770718968194388,1,High
t0,262,0,0.34302695233125013,0,Medium
t0,263,0,0.6593721134988718,1,High
t0,264,0,0.2676553424877526,0,Low
t0,265,0,0.2519807395133733,0,Low
t0,266,0,0.13109967165465108,0,Low
t0,267,0,0.19696195863396312,0,Low
t0,268,1,0.2849086001339304,0,Low
t0,269,0,0.17297020964306614,0,Low
t0,270,1,0.9089484753358197,1,High
t0,271,0,0.1430353419154653,0,Low
t0,272,1,0.9359207571422462,1,High
t0,273,0,0.09025479694030077,0,Low
t0,274,0,0.09901792812057894,0,Low
t0,275,0,0.2667799829757394,0,Low
t0,276,0,0.5416020097224269,1,Medium
t0,277,0,0.5969234353849391,1,Medium
t0,278,1,0.7644392531463565,1,High
t0,279,1,0.9333015639173716,1,High
t0,280,1,0.3853531039569665,0,Medium
t0,281,1,0.9354655508573347,1,High
t0,282,0,0.19580452686431635,0,Low
t0,283,0,0.249815922454327,0,Low
t0,284,0,0.29605362241887256,0,Low
t0,285,0,0.10142119420891148,0,Low
t0,286,1,0.7027621498099892,1,High
t0,287,0,0.38060421651661425,0,Medium
t0,288,0,0.6619682238919777,1,High
t0,289,0,0.36137865517981316,0,Medium
t0,290,0,0.3261983970922661,0,Medium
t0,291,0,0.15765868962525142,0,Low
t0,292,1,0.18829307070132384,0,Low
t0,293,1,0.8606554937254192,1,High
t0,294,1,0.2468908308306383,0,Low
t0,295,0,0.28114247890658217,0,Low
t0,296,0,0.34408507980097536,0,Medium
t0,297,1,0.36979584183999425,0,Medium
t0,298,0,0.4434071713215859,1,Medium
t0,299,0,0.2695053540296515,0,Low
t0,300,0,0.3439097494163901,0,Medium
t0,301,0,0.08652978179873147,0,Low
t0,302,1,0.7855298543242332,1,High
t0,303,0,0.09428443965058064,0,Low
t0,304,1,0.9331487594991885,1,High
t0,305,1,0.14333235425180965,0,Low
t0,306,0,0.5213222462049318,1,Medium
t0,307,1,0.9184315401900945,1,High
t0,308,1,0.5436382480816576,1,Medium
t0,309,0,0.23852365546917242,0,Low
t0,310,0,0.20146282842488744,0,Low
t0,311,0,0.12528055049826778,0,Low
t0,312,1,0.9014271445573785,1,High
t0,313,1,0.8800547357522076,1,High
t0,314,0,0.2817180516786689,0,Low
t0,315,0,0.10328836724806406,0,Low
t0,316,1,0.4321080217359225,1,Medium
t0,317,0,0.19172293047795275,0,Low
t0,318,1,0.25057421630234533,0,Low
t0,319,0,0.2783832895154812,0,Low
t0,320,1,0.4617514811736846,1,Medium
t0,321,0,0.09184154444394213,0,Low
t0,322,1,0.8756170946092572,1,High
t0,323,1,0.9359890739807972,1,High
t0,324,1,0.4204273370566702,1,Medium
t0,325,0,0.23896163630897144,0,Low
t0,326,0,0.325082142392771,0,Medium
t0,327,0,0.8984191370488132,1,High
t0,328,1,0.925533104805797,1,High
t0,329,0,0.3294105155731281,0,Medium
t0,330,1,0.3817775083304971,0,Medium
t0,331,0,0.3201138640263205,0,Medium
t0,332,1,0.8071862343198422,1,High
t0,333,0,0.1520467240176557,0,Low
t0,334,0,0.09920582594375166,0,Low
t0,335,1,0.9331487594991885,1,High
t0,336,1,0.27875097914052366,0,Low
t0,337,0,0.08813464415003941,0,Low
t0,338,1,0.11257494729191152,0,Low
t0,339,0,0.2379476176384461,0,Low
t0,340,0,0.34085623090904965,0,Medium
t0,341,1,0.9359207571422462,1,High
t0,342,0,0.3240581105756384,0,Medium
t0,343,1,0.9234854160917959,1,High
t0,344,0,0.10997311972876096,0,Low
t0,345,0,0.15551003120880488,0,Low
t0,346,1,0.8761563824409664,1,High
t0,347,0,0.13737927584178708,0,Low
t0,348,0,0.2426373938226891,0,Low
t0,349,1,0.7896878241489677,1,High
t0,350,0,0.4356954492182249,1,Medium
t0,351,0,0.5667075137141494,1,Medium
t0,352,1,0.5028150647533459,1,Medium
t0,353,0,0.34693326184994017,0,Medium
t0,354,0,0.24150163017377946,0,Low
t0,355,1,0.27955692642966423,0,Low
t0,356,0,0.0898089244698005,0,Low
t0,357,1,0.6947759349250218,1,High
t0,358,0,0.2659030950397409,0,Low
t0,359,0,0.29195572586188706,0,Low
t0,360,1,0.3214003663871911,0,Medium
t0,361,0,0.6315011184914395,1,High
t0,362,1,0.3435456464896713,0,Medium
t0,363,0,0.22504155375103885,0,Low
t0,364,0,0.09846172461739527,0,Low
t0,365,0,0.19423492998785713,0,Low
t0,366,0,0.38735962503686844,0,Medium
t0,367,1,0.9347050254334839,1,High
t0,368,0,0.1475294709925407,0,Low
t0,369,1,0.1902071270336789,0,Low
t0,370,1,0.9372716963815506,1,High
t0,371,1,0.4535369548670238,1,Medium
t0,372,0,0.12172956333659331,0,Low
t0,373,1,0.5972227515179991,1,Medium
t0,374,0,0.3275165087918222,0,Medium
t0,375,0,0.12696060877342497,0,Low
t0,376,1,0.7285492842675734,1,High
t0,377,0,0.08520196480154142,0,Low
t0,378,0,0.5032000573423316,1,Medium
t0,379,1,0.37883841182093014,0,Medium
t0,380,0,0.3998618208282576,0,Medium
t0,381,0,0.20726766565011298,0,Low
t0,382,1,0.2888573126506959,0,Low
t0,383,0,0.7348345123359291,1,High
t0,384,0,0.3084281554208084,0,Medium
t0,385,1,0.3679883473197136,0,Medium
t0,386,1,0.2783492557019768,0,Low
t0,387,0,0.09080554509447172,0,Low
t0,388,0,0.34607377305088455,0,Medium
t0,389,1,0.9319125059569662,1,High
t0,390,0,0.6555894683523426,1,High
t0,391,0,0.09928644166910439,0,Low
t0,392,0,0.28912051131739264,0,Low
t0,393,1,0.29116867151291886,0,Low
t0,394,1,0.9265892499158982,1,High
t0,395,1,0.7997525947499174,1,High
t0,396,1,0.9372716963815506,1,High
t0,397,0,0.2228964773433326,0,Low
t0,398,0,0.18452603979901952,0,Low
t0,399,0,0.2290868587733528,0,Low
t0,400,0,0.30142786932033394,0,Medium
t0,401,0,0.1643342760412779,0,Low
t0,402,0,0.364991619539385,0,Medium
t0,403,0,0.3371573455850754,0,Medium
t0,404,0,0.20624903364622552,0,Low
t0,405,0,0.09253876614969009,0,Low
t0,406,0,0.18153546059371678,0,Low
t0,407,0,0.3639586953614541,0,Medium
t0,408,0,0.1577670158741775,0,Low
t0,409,1,0.4270551385773254,1,Medium
t0,410,0,0.10122805865342278,0,Low
t0,411,0,0.3823634709620825,0,Medium
t0,412,1,0.49342466990626405,1,Medium
t0,413,1,0.2375121034154826,0,Low
t0,414,1,0.9246791483427393,1,High
t0,415,1,0.9209670108261783,1,High
t0,416,1,0.9319125059569662,1,High
t0,417,1,0.4346312925017565,1,Medium
t0,418,0,0.30552789485012566,0,Medium
t0,419,1,0.4070540961161157,1,Medium
t0,420,0,0.30180257321615556,0,Medium
t0,421,1,0.8473974740060358,1,High
t0,422,0,0.39311584574405684,0,Medium
t0,423,0,0.4881789826196714,1,Medium
t0,424,1,0.6203457625653864,1,High
t0,425,0,0.09589482651685867,0,Low
t0,426,1,0.1919721391819082,0,Low
t0,427,0,0.15707781155465536,0,Low
t0,428,1,0.34536147431206343,0,Medium
t0,429,1,0.9359207571422462,1,High
t0,430,0,0.33979214565970917,0,Medium
t0,431,1,0.2877504966571002,0,Low
t0,432,0,0.09697418088322221,0,Low
t0,433,1,0.3295320050481619,0,Medium
t0,434,0,0.18494153698332447,0,Low
t0,435,0,0.2726354363659469,0,Low
t0,436,1,0.8986013776395311,1,High
t0,437,0,0.36456377010616764,0,Medium
t0,438,0,0.11885820468204324,0,Low
t0,439,1,0.12956750454466004,0,Low
t0,440,1,0.8889215270570194,1,High
t0,441,1,0.9359207571422462,1,High
t0,442,0,0.08761533543897382,0,Low
t0,443,1,0.9118377241995386,1,High
t0,444,0,0.11638299897993562,0,Low
t0,445,0,0.08563447346578142,0,Low
t0,446,1,0.3228377652543684,0,Medium
t0,447,1,0.576374495500021,1,Medium
t0,448,1,0.4458472506559197,1,Medium
t0,449,0,0.08563447346578142,0,Low
t0,450,1,0.9333015639173716,1,High
t0,451,0,0.2876320023100329,0,Low
t0,452,0,0.28890884733950273,0,Low
t0,453,1,0.40126260990197593,0,Medium
t0,454,0,0.20963454409682095,0,Low
t0,455,0,0.23637948348804227,0,Low
t0,456,0,0.18191400157094828,0,Low
t0,457,0,0.2929312206488487,0,Low
t0,458,0,0.4804795499229594,1,Medium
t0,459,0,0.505195371654082,1,Medium
t0,460,0,0.7192314216411941,1,High
t0,461,0,0.2799561788704903,0,Low
t0,462,0,0.26269967852024656,0,Low
t0,463,1,0.7414504938289841,1,High
t0,464,0,0.465219181343643,1,Medium
t0,465,0,0.09030915459594788,0,Low
t0,466,1,0.8528617084295443,1,High
t0,467,1,0.9238241202488453,1,High
t0,468,0,0.09857311154394321,0,Low
t0,469,0,0.09998368075749078,0,Low
t0,470,0,0.14988652324636306,0,Low
t0,471,0,0.21520726118124398,0,Low
t0,472,0,0.16237551364749758,0,Low
t0,473,1,0.9331487594991885,1,High
t0,474,0,0.6583264229652958,1,High
t0,475,1,0.4659390834469761,1,Medium
t0,476,1,0.9100546411851494,1,High
t0,477,0,0.3709257916919353,0,Medium
t0,478,0,0.09623351178665258,0,Low
t0,479,1,0.9319029065837888,1,High
t0,480,1,0.9249538290368985,1,High
t0,481,0,0.1657571095902694,0,Low
t0,482,0,0.256008167845791,0,Low
t0,483,1,0.269446523421111,0,Low
t0,484,1,0.32465338047011266,0,Medium
t0,485,0,0.3638635170359148,0,Medium
t0,486,0,0.1575786829961574,0,Low
t0,487,0,0.5103157999413394,1,Medium
t0,488,0,0.09716515976120713,0,Low
t0,489,0,0.2910032191113023,0,Low
t0,490,0,0.09467339196055513,0,Low
t0,491,1,0.31349839705163657,0,Medium
t0,492,1,0.7658831340473681,1,High
t0,493,1,0.279731942730448,0,Low
t0,494,0,0.32406318551837426,0,Medium
t0,495,1,0.550498350288632,1,Medium
t0,496,0,0.311726494949341,0,Medium
t0,497,0,0.3767508253748035,0,Medium
t0,498,1,0.4749106578192538,1,Medium
t0,499,0,0.2679263590145637,0,Low
t0,500,0,0.3558864170889428,0,Medium
t0,501,1,0.6988361286005678,1,High
t0,502,0,0.35436443465536616,0,Medium
t0,503,0,0.2256493422421358,0,Low
t0,504,0,0.3266026077053558,0,Medium
t0,505,0,0.12760197011972216,0,Low
t0,506,0,0.27881721778618956,0,Low
t0,507,0,0.32378636429243496,0,Medium
t0,508,0,0.273124950735768,0,Low
t0,509,0,0.3383508293996717,0,Medium
t0,510,0,0.1922190848600054,0,Low
t0,511,0,0.11858104394146278,0,Low
t0,512,0,0.09328594102950757,0,Low
t0,513,1,0.26788740063187094,0,Low
t0,514,1,0.795887560890539,1,High
t0,515,0,0.20873995556096878,0,Low
t0,516,0,0.09712825634900468,0,Low
t0,517,0,0.3560798856737726,0,Medium
t0,518,0,0.13623867111368487,0,Low
t0,519,0,0.08318584693776773,0,Low
t0,520,0,0.7438530152317174,1,High
t0,521,1,0.9358634587522064,1,High
t0,522,1,0.4828628379172617,1,Medium
t0,523,0,0.6820193988028065,1,High
t0,524,1,0.4585625820858153,1,Medium
t0,525,0,0.17015868186618824,0,Low
t0,526,1,0.323123470948209,0,Medium
t0,527,1,0.8901293544287181,1,High
t0,528,0,0.16463668466268963,0,Low
t0,529,0,0.10051331921406,0,Low
t0,530,0,0.31103532325699745,0,Medium
t0,531,0,0.3825050185870232,0,Medium
t0,532,0,0.09564634804578724,0,Low
t0,533,0,0.2659213862552333,0,Low
t0,534,0,0.34484384353584535,0,Medium
t0,535,0,0.17972489373449804,0,Low
t0,536,0,0.19607069309350325,0,Low
t0,537,0,0.18473130930045809,0,Low
t0,538,0,0.5254058256000714,1,Medium
t0,539,1,0.6418877402445033,1,High
t0,540,1,0.08386521959439487,0,Low
t0,541,1,0.871327621614929,1,High
t0,542,1,0.30693046860075973,0,Medium
t0,543,1,0.09513646716705691,0,Low
t0,544,0,0.1850948460536873,0,Low
t0,545,0,0.23472169926765366,0,Low
t0,546,1,0.9014391406951896,1,High
t0,547,0,0.4199513138385196,1,Medium
t0,548,1,0.8141059349297746,1,High
t0,549,0,0.3049591468818574,0,Medium
t0,550,1,0.7211360347701316,1,High
t0,551,0,0.16353751540838854,0,Low
t0,552,1,0.7055814002548945,1,High
t0,553,0,0.2573570313945806,0,Low
t0,554,1,0.2585552430525923,0,Low
t0,555,0,0.44441666672257374,1,Medium
t0,556,1,0.42076811904192174,1,Medium
t0,557,1,0.30396411991211847,0,Medium
t0,558,1,0.18344740821367186,0,Low
t0,559,1,0.9111544719031384,1,High
t0,560,0,0.6937841621429479,1,High
t0,561,0,0.4492251589786486,1,Medium
t0,562,1,0.9369443625316636,1,High
t0,563,0,0.45965627064351766,1,Medium
t0,564,1,0.5044525841616507,1,Medium
t0,565,0,0.22038215236254813,0,Low
t0,566,0,0.2133251650877511,0,Low
t0,567,1,0.37739278537486387,0,Medium
t0,568,0,0.09317129965699705,0,Low
t0,569,1,0.845716646051029,1,High
t0,570,0,0.10560587751120583,0,Low
t0,571,0,0.4594749309998758,1,Medium
t0,572,0,0.10779563088751237,0,Low
t0,573,0,0.1327776585419797,0,Low
t0,574,0,0.12179444252525717,0,Low
t0,575,0,0.17989673390624872,0,Low
t0,576,0,0.08573306463511221,0,Low
t0,577,1,0.254181188506443,0,Low
t0,578,0,0.0877119529294006,0,Low
t0,579,1,0.9154846296470983,1,High
t0,580,1,0.30541793885372,0,Medium
t0,581,1,0.7917918525652221,1,High
t0,582,1,0.9368296898205873,1,High
t0,583,1,0.5404930574820515,1,Medium
t0,584,0,0.08618684028576322,0,Low
t0,585,0,0.3169716741408175,0,Medium
t0,586,1,0.9258906631284048,1,High
t0,587,0,0.10348644646236244,0,Low
t0,588,0,0.18636207681580713,0,Low
t0,589,0,0.09611002481355642,0,Low
t0,590,1,0.3231577928086574,0,Medium
t0,591,1,0.3225415555895603,0,Medium
t0,592,1,0.649048587868714,1,High
t0,593,1,0.8986341422193352,1,High
t0,594,0,0.09286298753593514,0,Low
t0,595,0,0.11331479891323876,0,Low
t0,596,1,0.4619852905941216,1,Medium
t0,597,1,0.22381915838585523,0,Low
t0,598,0,0.3527866683839245,0,Medium
t0,599,1,0.928323632030516,1,High
t0,600,0,0.3516822755337527,0,Medium
t0,601,0,0.1016202179391234,0,Low
t0,602,0,0.09223805268503724,0,Low
t0,603,0,0.20478301301491475,0,Low
t0,604,1,0.30937653863844505,0,Medium
t0,605,0,0.5214534426432742,1,Medium
t0,606,1,0.9331487594991885,1,High
t0,607,0,0.37344970824063967,0,Medium
t0,608,0,0.5349993662057916,1,Medium
t0,609,0,0.095347510204109,0,Low
t0,610,0,0.22025109770053336,0,Low
t0,611,1,0.9372716963815506,1,High
t0,612,0,0.10808603624485165,0,Low
t0,613,0,0.40454362019390794,1,Medium
t0,614,0,0.28762877191178954,0,Low
t0,615,0,0.7640860671812757,1,High
t0,616,0,0.08581043904442423,0,Low
t0,617,1,0.4583784763730337,1,Medium
t0,618,1,0.9346124388099372,1,High
t0,619,0,0.5045682257698052,1,Medium
t0,620,1,0.10456802527572343,0,Low
t0,621,0,0.3007895419794714,0,Medium
t0,622,1,0.9294066861310825,1,High
t0,623,0,0.29691713401678455,0,Low
t0,624,0,0.16809126520033393,0,Low
t0,625,0,0.5701958243989729,1,Medium
t0,626,0,0.10582028397626479,0,Low
t0,627,1,0.9235112235144752,1,High
t0,628,1,0.9294343553056329,1,High
t0,629,1,0.1950028077907662,0,Low
t0,630,1,0.9359207571422462,1,High
t0,631,1,0.17697713620821146,0,Low
t0,632,1,0.2801091375880155,0,Low
t0,633,1,0.7873908001745787,1,High
t0,634,0,0.16441308702797877,0,Low
t0,635,0,0.09095293265467037,0,Low
t0,636,1,0.3612026589466659,0,Medium
t0,637,1,0.8981868812712572,1,High
t0,638,0,0.11668028228645409,0,Low
t0,639,0,0.3765811200743606,0,Medium
t0,640,0,0.0904926461877333,0,Low
t0,641,1,0.41757838482985893,1,Medium
t0,642,0,0.19655752852997788,0,Low
t0,643,1,0.9166310335688045,1,High
t0,644,1,0.8942583341195268,1,High
t0,645,1,0.6444860346829591,1,High
t0,646,0,0.09474255264030292,0,Low
t0,647,1,0.9294066861310825,1,High
t0,648,0,0.10766861533416114,0,Low
t0,649,0,0.12054912815614076,0,Low
t0,650,1,0.3140417789468155,0,Medium
t0,651,0,0.08875247118168227,0,Low
t0,652,0,0.2408754746017686,0,Low
t0,653,0,0.21577837032633457,0,Low
t0,654,0,0.5560749773230428,1,Medium
t0,655,0,0.11875510701960494,0,Low
t0,656,0,0.15554002395140912,0,Low
t0,657,0,0.12608254596646457,0,Low
t0,658,1,0.8957320584960791,1,High
t0,659,1,0.5723702503655037,1,Medium
t0,660,1,0.7246364199707092,1,High
t0,661,0,0.33621033051271515,0,Medium
t0,662,1,0.28123999249324827,0,Low
t0,663,0,0.25055814937535714,0,Low
t0,664,0,0.19590220889844523,0,Low
t0,665,0,0.08986790646502688,0,Low
t0,666,1,0.22040305545934663,0,Low
t0,667,1,0.4370483628110069,1,Medium
t0,668,0,0.677291341149094,1,High
t0,669,1,0.8299975157802093,1,High
t0,670,1,0.9372716963815506,1,High
t0,671,0,0.15009769113544078,0,Low
t0,672,1,0.8460800379789846,1,High
t0,673,0,0.1152649941514929,0,Low
t0,674,1,0.298811218171932,0,Low
t0,675,0,0.2791561007520986,0,Low
t0,676,0,0.21328013395650092,0,Low
t0,677,0,0.1390720846495109,0,Low
t0,678,0,0.19803611227182874,0,Low
t0,679,1,0.920920207006442,1,High
t0,680,0,0.09488601252747474,0,Low
t0,681,0,0.18980980505699105,0,Low
t0,682,0,0.18973758288215872,0,Low
t0,683,0,0.09297497989410071,0,Low
t0,684,0,0.10098968321889326,0,Low
t0,685,1,0.9359207571422462,1,High
t0,686,1,0.9372716963815506,1,High
t0,687,0,0.3166363441230684,0,Medium
t0,688,0,0.18551346384935144,0,Low
t0,689,1,0.31604111646937727,0,Medium
t0,690,0,0.554090619739422,1,Medium
t0,691,0,0.1547786870565114,0,Low
t0,692,1,0.9315874311625031,1,High
t0,693,1,0.5039396559432601,1,Medium
t0,694,1,0.5602575786951978,1,Medium
t0,695,0,0.09060579954355062,0,Low
t0,696,1,0.9001421394761072,1,High
t0,697,0,0.45727679197605914,1,Medium
t0,698,0,0.09351876653372425,0,Low
t0,699,0,0.09428152536337807,0,Low
t0,700,1,0.9319125059569662,1,High
t0,701,0,0.12727754955396547,0,Low
t0,702,1,0.9020676282053719,1,High
t0,703,0,0.13428134428346666,0,Low
t0,704,0,0.35733487809086745,0,Medium
t0,705,0,0.7289307631618809,1,High
t0,706,0,0.3171715230266924,0,Medium
t0,707,0,0.25731084713208685,0,Low
t0,708,0,0.2644921940922226,0,Low
t0,709,0,0.1431498203022408,0,Low
t0,710,1,0.2977388453123825,0,Low
t0,711,0,0.29757035569781903,0,Low
t0,712,0,0.18890548923678277,0,Low
t0,713,0,0.5625030290448799,1,Medium
t0,714,1,0.35750648798836027,0,Medium
t0,715,0,0.3286118180601896,0,Medium
t0,716,1,0.9267262639743896,1,High
t0,717,1,0.8338403685841494,1,High
t0,718,1,0.507338735393258,1,Medium
t0,719,0,0.6846823378898981,1,High
t0,720,1,0.7198092694840461,1,High
t0,721,1,0.3405800017045246,0,Medium
t0,722,0,0.17652623628024952,0,Low
t0,723,0,0.17090815164688972,0,Low
t0,724,0,0.2786614474596714,0,Low
t0,725,0,0.2124837150490691,0,Low
t1,0,0,0.06936952317641126,0,Low
t1,1,0,0.08040668357673825,0,Low
t1,2,1,0.4065724425378143,1,Medium
t1,3,0,0.22698300590395323,0,Low
t1,4,0,0.6167815457582247,1,High
t1,5,0,0.028665442797226156,0,Low
t1,6,0,0.08467249485202379,0,Low
t1,7,1,0.9950425650097515,1,High
t1,8,0,0.3956359158678402,1,Medium
t1,9,1,0.8573864565499003,1,High
t1,10,0,0.0675859471566906,0,Low
t1,11,0,0.0871770590112155,0,Low
t1,12,0,0.07499999172333052,0,Low
t1,13,1,0.9843727758197529,1,High
t1,14,0,0.34344118454288,0,Medium
t1,15,0,0.053423833242181626,0,Low
t1,16,0,0.055062638199433044,0,Low
t1,17,0,0.06990367801622585,0,Low
t1,18,0,0.13114428746143164,0,Low
t1,19,0,0.02331006461901357,0,Low
t1,20,0,0.07611115356535463,0,Low
t1,21,1,0.35638943740364865,0,Medium
t1,22,0,0.06560644461329915,0,Low
t1,23,0,0.10721784002959883,0,Low
t1,24,0,0.08194169925556088,0,Low
t1,25,1,0.8405830046756929,1,High
t1,26,1,0.8285903205332379,1,High
t1,27,1,0.9869932074715471,1,High
t1,28,1,0.9071074408737589,1,High
t1,29,0,0.3607161925400223,0,Medium
t1,30,0,0.22209343888922112,0,Low
t1,31,0,0.04938993046854718,0,Low
t1,32,1,0.9850626108882057,1,High
t1,33,1,0.1005568853513528,0,Low
t1,34,1,0.9922184674448729,1,High
t1,35,0,0.4243356946039184,1,Medium
t1,36,1,0.9906613913134779,1,High
t1,37,0,0.20071420852821384,0,Low
t1,38,0,0.06612698305821108,0,Low
t1,39,1,0.9896973185213891,1,High
t1,40,0,0.1031365874201046,0,Low
t1,41,1,0.9942928290488261,1,High
t1,42,0,0.029777282119866386,0,Low
t1,43,0,0.05457909756808101,0,Low
t1,44,0,0.04228523694178313,0,Low
t1,45,1,0.9938277822930535,1,High
t1,46,1,0.995985161192463,1,High
t1,47,0,0.0976396535662575,0,Low
t1,48,1,0.9758888488724503,1,High
t1,49,0,0.21319547590244517,0,Low
t1,50,1,0.9830874148427525,1,High
t1,51,0,0.09395574462035539,0,Low
t1,52,1,0.9963343092115065,1,High
t1,53,0,0.5906067205736664,1,Medium
t1,54,0,0.09344683749969296,0,Low
t1,55,0,0.09364819650004712,0,Low
t1,56,1,0.6335221823327724,1,High
t1,57,0,0.08674977685851665,0,Low
t1,58,0,0.07774339702891218,0,Low
t1,59,0,0.10462671888965028,0,Low
t1,60,1,0.9183386553475775,1,High
t1,61,0,0.07063441216334267,0,Low
t1,62,0,0.07485610797944864,0,Low
t1,63,1,0.30145980741286255,0,Medium
t1,64,1,0.9896382585478702,1,High
t1,65,0,0.03134198125805863,0,Low
t1,66,0,0.07383406637283427,0,Low
t1,67,0,0.33451120422151503,0,Medium
t1,68,0,0.0730530371196165,0,Low
t1,69,1,0.994183612488729,1,High
t1,70,1,0.12501528130927186,0,Low
t1,71,0,0.03169248006096976,0,Low
t1,72,1,0.9966438616345199,1,High
t1,73,0,0.2668214377723838,0,Low
t1,74,1,0.11039354812261072,0,Low
t1,75,1,0.9508827838717047,1,High
t1,76,0,0.08591225787561717,0,Low
t1,77,0,0.04797925445141043,0,Low
t1,78,0,0.12316393300644565,0,Low
t1,79,0,0.08218075256223041,0,Low
t1,80,1,0.9962960422229871,1,High
t1,81,1,0.18507659367397053,0,Low
t1,82,1,0.994483497976812,1,High
t1,83,0,0.08485211289720446,0,Low
t1,84,0,0.21588518650833743,0,Low
t1,85,0,0.31230420180415414,0,Medium
t1,86,0,0.9343902545595185,1,High
t1,87,0,0.0656428091393601,0,Low
t1,88,0,0.08134795449920398,0,Low
t1,89,0,0.10850122476112535,0,Low
t1,90,0,0.1310614512213973,0,Low
t1,91,0,0.07920491828968884,0,Low
t1,92,1,0.9920017859843742,1,High
t1,93,0,0.3492022440539151,0,Medium
t1,94,0,0.09499352099700684,0,Low
t1,95,0,0.1271604010031966,0,Low
t1,96,0,0.09378981193805606,0,Low
t1,97,0,0.08003867622606131,0,Low
t1,98,0,0.06615096858072753,0,Low
t1,99,1,0.9948129196835278,1,High
t1,100,0,0.2986684639170783,0,Low
t1,101,0,0.03581827080688527,0,Low
t1,102,1,0.06294585501539202,0,Low
t1,103,1,0.8428482038385037,1,High
t1,104,0,0.7569571687841958,1,High
t1,105,1,0.09642559458256801,0,Low
t1,106,0,0.022573630052014067,0,Low
t1,107,1,0.9703910354465172,1,High
t1,108,1,0.19393170907843169,0,Low
t1,109,0,0.05225541779573918,0,Low
t1,110,1,0.9408758390358497,1,High
t1,111,0,0.07421279279434516,0,Low
t1,112,0,0.258048639349997,0,Low
t1,113,0,0.058372471328362666,0,Low
t1,114,0,0.06745300141092776,0,Low
t1,115,1,0.6979421506379737,1,High
t1,116,0,0.09980153727539855,0,Low
t1,117,1,0.9668538395759533,1,High
t1,118,1,0.9967465353553412,1,High
t1,119,1,0.6219000393155191,1,High
t1,120,0,0.02223310418794885,0,Low
t1,121,1,0.17449498083065282,0,Low
t1,122,1,0.9769136919573301,1,High
t1,123,1,0.9917573328252377,1,High
t1,124,1,0.9918736227989599,1,High
t1,125,0,0.20550457378241485,0,Low
t1,126,0,0.1558637518617985,0,Low
t1,127,1,0.9950033442172859,1,High
t1,128,0,0.0982347197420777,0,Low
t1,129,1,0.9965037582357431,1,High
t1,130,0,0.028161889165963315,0,Low
t1,131,0,0.08539575076311282,0,Low
t1,132,0,0.4672634008266757,1,Medium
t1,133,0,0.08907653203123088,0,Low
t1,134,1,0.9949972418295376,1,High
t1,135,1,0.9937862554619145,1,High
t1,136,1,0.9328600013613982,1,High
t1,137,0,0.6709504521785017,1,High
t1,138,1,0.9797863522755712,1,High
t1,139,1,0.9764649012478619,1,High
t1,140,0,0.0637930294802974,0,Low
t1,141,1,0.9917203647527499,1,High
t1,142,0,0.11231150445840946,0,Low
t1,143,1,0.9780328437375555,1,High
t1,144,0,0.07906046902325962,0,Low
t1,145,1,0.728130273742994,1,High
t1,146,0,0.08470285204078713,0,Low
t1,147,0,0.09452190211667118,0,Low
t1,148,1,0.8600363516474302,1,High
t1,149,0,0.36217929103783975,0,Medium
t1,150,0,0.07174136795590338,0,Low
t1,151,0,0.03178951677043858,0,Low
t1,152,0,0.03743932698651497,0,Low
t1,153,0,0.9243122994972149,1,High
t1,154,0,0.0205192047368738,0,Low
t1,155,0,0.0400336478186512,0,Low
t1,156,0,0.026232505258244273,0,Low
t1,157,0,0.08294073709186345,0,Low
t1,158,0,0.10940678937507856,0,Low
t1,159,0,0.15432080197821496,0,Low
t1,160,0,0.07786842443992628,0,Low
t1,161,1,0.9889278535091292,1,High
t1,162,0,0.17918698182163814,0,Low
t1,163,1,0.15198163008659016,0,Low
t1,164,0,0.16037397992937574,0,Low
t1,165,0,0.18946063209993694,0,Low
t1,166,0,0.725586874903555,1,High
t1,167,1,0.8349579733504988,1,High
t1,168,1,0.07719097934665312,0,Low
t1,169,0,0.1669652537268934,0,Low
t1,170,1,0.986065145026504,1,High
t1,171,0,0.08654254275555998,0,Low
t1,172,1,0.990115555430207,1,High
t1,173,0,0.07796220570280213,0,Low
t1,174,0,0.06075316673583699,0,Low
t1,175,1,0.996215048850681,1,High
t1,176,0,0.818063181558582,1,High
t1,177,1,0.9947183301120787,1,High
t1,178,0,0.20928635360667447,0,Low
t1,179,0,0.02356601478942428,0,Low
t1,180,1,0.8371277010090928,1,High
t1,181,1,0.9967465353553412,1,High
t1,182,0,0.24604696405859028,0,Low
t1,183,0,0.23667165382326116,0,Low
t1,184,1,0.9915653977254189,1,High
t1,185,0,0.11596065791486913,0,Low
t1,186,0,0.0991907293640705,0,Low
t1,187,1,0.9852408809368678,1,High
t1,188,1,0.9835484615136264,1,High
t1,189,1,0.9695648216232066,1,High
t1,190,1,0.03647166230646944,0,Low
t1,191,1,0.9518314173644845,1,High
t1,192,0,0.0490896158660797,0,Low
t1,193,1,0.9962234503480712,1,High
t1,194,1,0.9924543984615468,1,High
t1,195,0,0.0823193200254486,0,Low
t1,196,0,0.029948023231125023,0,Low
t1,197,0,0.7605976802480461,1,High
t1,198,0,0.07854278507003909,0,Low
t1,199,0,0.10122857543713429,0,Low
t1,200,1,0.9940086632998701,1,High
t1,201,1,0.9882460558734364,1,High
t1,202,1,0.9831135708776646,1,High
t1,203,0,0.04810578011422941,0,Low
t1,204,1,0.8242408524133434,1,High
t1,205,0,0.05623687038469131,0,Low
t1,206,1,0.9901178410604132,1,High
t1,207,0,0.08531652898333585,0,Low
t1,208,0,0.060157751998472626,0,Low
t1,209,0,0.05636390763854372,0,Low
t1,210,0,0.08657146705660546,0,Low
t1,211,0,0.09698784021116148,0,Low
t1,212,1,0.996693981657739,1,High
t1,213,0,0.0669797589405253,0,Low
t1,214,1,0.6483932336912277,1,High
t1,215,0,0.29810372153916515,0,Low
t1,216,0,0.0906090071699703,0,Low
t1,217,0,0.06970537264372183,0,Low
t1,218,0,0.06396388648129925,0,Low
t1,219,1,0.6226802135687003,1,High
t1,220,0,0.056550300046683336,0,Low
t1,221,0,0.3420756646568917,0,Medium
t1,222,0,0.06848220473422736,0,Low
t1,223,0,0.21394812584994077,0,Low
t1,224,0,0.22623936826598032,0,Low
t1,225,0,0.045694516813775676,0,Low
t1,226,0,0.4850112053503367,1,Medium
t1,227,0,0.01950421956833415,0,Low
t1,228,0,0.16981001878299956,0,Low
t1,229,0,0.03282529732033453,0,Low
t1,230,1,0.7325669476293809,1,High
t1,231,1,0.9885905108358249,1,High
t1,232,1,0.9938123407685466,1,High
t1,233,0,0.06423131730266718,0,Low
t1,234,0,0.09436291397880689,0,Low
t1,235,0,0.6046395830903329,1,High
t1,236,1,0.9877067072461686,1,High
t1,237,1,0.9873270120689854,1,High
t1,238,0,0.11113327988287415,0,Low
t1,239,1,0.9965924562365296,1,High
t1,240,0,0.0847831287947127,0,Low
t1,241,0,0.2702672477809693,0,Low
t1,242,0,0.1609619435216012,0,Low
t1,243,0,0.08725450127813783,0,Low
t1,244,1,0.9765776655560433,1,High
t1,245,0,0.0727405176284061,0,Low
t1,246,0,0.09152475706680134,0,Low
t1,247,0,0.049395306408050316,0,Low
t1,248,0,0.052807302703971847,0,Low
t1,249,1,0.9394960982711503,1,High
t1,250,0,0.06714096904733859,0,Low
t1,251,0,0.0206362687256811,0,Low
t1,252,0,0.1486067776292775,0,Low
t1,253,1,0.9321243228639826,1,High
t1,254,1,0.6642338441611999,1,High
t1,255,0,0.22230089217390078,0,Low
t1,256,1,0.994013405902852,1,High
t1,257,0,0.2174941647311567,0,Low
t1,258,1,0.9953966744672958,1,High
t1,259,1,0.6438190935565672,1,High
t1,260,1,0.5612085240480084,1,Medium
t1,261,1,0.9835812868895089,1,High
t1,262,0,0.8216165888801904,1,High
t1,263,0,0.20918752139440508,0,Low
t1,264,0,0.07220059389429956,0,Low
t1,265,0,0.030338123089909595,0,Low
t1,266,0,0.08422254667362203,0,Low
t1,267,0,0.04136082686686812,0,Low
t1,268,1,0.9938193153719574,1,High
t1,269,0,0.07212372848069293,0,Low
t1,270,1,0.7484098758935491,1,High
t1,271,0,0.061811534344878565,0,Low
t1,272,1,0.9967044785364731,1,High
t1,273,0,0.03022372126977774,0,Low
t1,274,0,0.05474655621842783,0,Low
t1,275,0,0.27788084133221147,0,Low
t1,276,0,0.4549253263343221,1,Medium
t1,277,0,0.39362922773209347,1,Medium
t1,278,1,0.13694232879140303,0,Low
t1,279,1,0.996588146519171,1,High
t1,280,1,0.9682443954448562,1,High
t1,281,1,0.9960540816995928,1,High
t1,282,0,0.18892158568059483,0,Low
t1,283,0,0.07760421411760603,0,Low
t1,284,0,0.08792408204234428,0,Low
t1,285,0,0.09680395954707778,0,Low
t1,286,1,0.6441271012210423,1,High
t1,287,0,0.8146980231872797,1,High
t1,288,0,0.5729840686317824,1,Medium
t1,289,0,0.06056569421919207,0,Low
t1,290,0,0.07709128561533612,0,Low
t1,291,0,0.03632285097250197,0,Low
t1,292,1,0.14549182466876862,0,Low
t1,293,1,0.8319348247831024,1,High
t1,294,1,0.7838190208237167,1,High
t1,295,0,0.3901632029283227,1,Medium
t1,296,0,0.307417431035558,0,Medium
t1,297,1,0.842169893402133,1,High
t1,298,0,0.07537032114699505,0,Low
t1,299,0,0.19908321742832094,0,Low
t1,300,0,0.06868114541576262,0,Low
t1,301,0,0.04608691437400934,0,Low
t1,302,1,0.6006285388090451,1,High
t1,303,0,0.026346207626339428,0,Low
t1,304,1,0.99680300564227,1,High
t1,305,1,0.8939764108470738,1,High
t1,306,0,0.6979648078389986,1,High
t1,307,1,0.41359419317777957,1,Medium
t1,308,1,0.9899820537488937,1,High
t1,309,0,0.11576357290996818,0,Low
t1,310,0,0.06793162949439151,0,Low
t1,311,0,0.0834656147660754,0,Low
t1,312,1,0.9167970664143659,1,High
t1,313,1,0.9958806688345404,1,High
t1,314,0,0.12626229942405412,0,Low
t1,315,0,0.08758769881937081,0,Low
t1,316,1,0.91379984900189,1,High
t1,317,0,0.0799963550798375,0,Low
t1,318,1,0.8962759085066717,1,High
t1,319,0,0.25210322889551084,0,Low
t1,320,1,0.6897824083442574,1,High
t1,321,0,0.07217383639819232,0,Low
t1,322,1,0.8615851070851746,1,High
t1,323,1,0.9965037582357431,1,High
t1,324,1,0.987508303992543,1,High
t1,325,0,0.08034009471629834,0,Low
t1,326,0,0.6319097718493314,1,High
t1,327,0,0.5059687499028128,1,Medium
t1,328,1,0.9926721064131949,1,High
t1,329,0,0.25908560269483255,0,Low
t1,330,1,0.8423281236975654,1,High
t1,331,0,0.07143092753884736,0,Low
t1,332,1,0.928313004907946,1,High
t1,333,0,0.0942690258064357,0,Low
t1,334,0,0.11681028013881954,0,Low
t1,335,1,0.996693981657739,1,High
t1,336,1,0.18559421191509748,0,Low
t1,337,0,0.10069969812416205,0,Low
t1,338,1,0.034545344771639924,0,Low
t1,339,0,0.11772148003748412,0,Low
t1,340,0,0.044862368409588946,0,Low
t1,341,1,0.9960431381270299,1,High
t1,342,0,0.1855124946405108,0,Low
t1,343,1,0.9782764991731735,1,High
t1,344,0,0.07186086921444383,0,Low
t1,345,0,0.056487971267360236,0,Low
t1,346,1,0.8125962843712988,1,High
t1,347,0,0.08330417897110128,0,Low
t1,348,0,0.20257645938835964,0,Low
t1,349,1,0.9822524304322975,1,High
t1,350,0,0.10319065733486554,0,Low
t1,351,0,0.2789589200034938,0,Low
t1,352,1,0.995140191697882,1,High
t1,353,0,0.08495576008674953,0,Low
t1,354,0,0.039002869127720746,0,Low
t1,355,1,0.548040305952594,1,Medium
t1,356,0,0.07597435376265281,0,Low
t1,357,1,0.9958806688345404,1,High
t1,358,0,0.16665260840722426,0,Low
t1,359,0,0.07801213009955829,0,Low
t1,360,1,0.7524161000349845,1,High
t1,361,0,0.6149412144095019,1,High
t1,362,1,0.9867243798335351,1,High
t1,363,0,0.1370196294978802,0,Low
t1,364,0,0.10191696441617995,0,Low
t1,365,0,0.47505425247265226,1,Medium
t1,366,0,0.09398588953623715,0,Low
t1,367,1,0.9901872547327153,1,High
t1,368,0,0.28089227194647587,0,Low
t1,369,1,0.9907035412467555,1,High
t1,370,1,0.9954147422455213,1,High
t1,371,1,0.8548217760767953,1,High
t1,372,0,0.025810637505876078,0,Low
t1,373,1,0.9809038695573459,1,High
t1,374,0,0.076886418180351,0,Low
t1,375,0,0.03037093167525459,0,Low
t1,376,1,0.9918072001471,1,High
t1,377,0,0.06689223868517426,0,Low
t1,378,0,0.0930451696410045,0,Low
t1,379,1,0.6305045143651986,1,High
t1,380,0,0.08896547624081032,0,Low
t1,381,0,0.09645227676396742,0,Low
t1,382,1,0.9896718958509113,1,High
t1,383,0,0.10538179507128173,0,Low
t1,384,0,0.027652220199357536,0,Low
t1,385,1,0.9870752571095575,1,High
t1,386,1,0.9854202488502344,1,High
t1,387,0,0.07577370552893088,0,Low
t1,388,0,0.07121906600126754,0,Low
t1,389,1,0.6100985054225824,1,High
t1,390,0,0.08008715696322417,0,Low
t1,391,0,0.03565549789270312,0,Low
t1,392,0,0.15215264479980944,0,Low
t1,393,1,0.9871823163626527,1,High
t1,394,1,0.7585771738275975,1,High
t1,395,1,0.9960431381270299,1,High
t1,396,1,0.9967881007710662,1,High
t1,397,0,0.09025734387048692,0,Low
t1,398,0,0.0739906480630736,0,Low
t1,399,0,0.09169988295894856,0,Low
t1,400,0,0.08684771768537378,0,Low
t1,401,0,0.0915725354856176,0,Low
t1,402,0,0.08067002369546984,0,Low
t1,403,0,0.09527665641902329,0,Low
t1,404,0,0.08405903108167433,0,Low
t1,405,0,0.029390077631817856,0,Low
t1,406,0,0.07745253513458587,0,Low
t1,407,0,0.47719157882982677,1,Medium
t1,408,0,0.05692180675765613,0,Low
t1,409,1,0.43837999698180485,1,Medium
t1,410,0,0.09660452457160276,0,Low
t1,411,0,0.6036217015317045,1,High
t1,412,1,0.18170599910787144,0,Low
t1,413,1,0.877492156516149,1,High
t1,414,1,0.9963925597022261,1,High
t1,415,1,0.9965924562365296,1,High
t1,416,1,0.6779273720405633,1,High
t1,417,1,0.9942332303372532,1,High
t1,418,0,0.08808653718466532,0,Low
t1,419,1,0.9904776740367477,1,High
t1,420,0,0.19411637780876728,0,Low
t1,421,1,0.995356888470612,1,High
t1,422,0,0.683500541645816,1,High
t1,423,0,0.15819098672395368,0,Low
t1,424,1,0.9938230202193955,1,High
t1,425,0,0.08504079066271514,0,Low
t1,426,1,0.9823925344951111,1,High
t1,427,0,0.08183398260378356,0,Low
t1,428,1,0.7866140302475866,1,High
t1,429,1,0.99680300564227,1,High
t1,430,0,0.12194395405097525,0,Low
t1,431,1,0.9796771668808388,1,High
t1,432,0,0.10826024997370533,0,Low
t1,433,1,0.7385402385347054,1,High
t1,434,0,0.9393478769525389,1,High
t1,435,0,0.1104912979736243,0,Low
t1,436,1,0.9962768338399759,1,High
t1,437,0,0.08508890456917445,0,Low
t1,438,0,0.05778330310655499,0,Low
t1,439,1,0.2883093675744844,0,Low
t1,440,1,0.9587702436575213,1,High
t1,441,1,0.9966618345835528,1,High
t1,442,0,0.06930954946565901,0,Low
t1,443,1,0.9964063672502161,1,High
t1,444,0,0.049967353480017906,0,Low
t1,445,0,0.042696174767813434,0,Low
t1,446,1,0.30902086774257026,0,Medium
t1,447,1,0.9907683780788347,1,High
t1,448,1,0.9958081712245642,1,High
t1,449,0,0.08295739441569988,0,Low
t1,450,1,0.9907050075266596,1,High
t1,451,0,0.9665236525203096,1,High
t1,452,0,0.8421571975130638,1,High
t1,453,1,0.6470170527684277,1,High
t1,454,0,0.06652306692756196,0,Low
t1,455,0,0.031954324229233014,0,Low
t1,456,0,0.05394278034188116,0,Low
t1,457,0,0.217119866849605,0,Low
t1,458,0,0.6066911308118782,1,High
t1,459,0,0.744751305629432,1,High
t1,460,0,0.18457859184290076,0,Low
t1,461,0,0.18714076868136764,0,Low
t1,462,0,0.08674637316471638,0,Low
t1,463,1,0.7543502020280217,1,High
t1,464,0,0.07507305846671286,0,Low
t1,465,0,0.04667004669873813,0,Low
t1,466,1,0.9960431381270299,1,High
t1,467,1,0.8977598653863703,1,High
t1,468,0,0.029042861733592693,0,Low
t1,469,0,0.08867304502950538,0,Low
t1,470,0,0.07350050537891088,0,Low
t1,471,0,0.11810730896796076,0,Low
t1,472,0,0.10368273262366387,0,Low
t1,473,1,0.993192772231672,1,High
t1,474,0,0.6668084286161777,1,High
t1,475,1,0.9727522402530897,1,High
t1,476,1,0.994686234415908,1,High
t1,477,0,0.0744370447979065,0,Low
t1,478,0,0.09416622796481626,0,Low
t1,479,1,0.8502967493865394,1,High
t1,480,1,0.6814958315035794,1,High
t1,481,0,0.20027687620290296,0,Low
t1,482,0,0.06927824213713009,0,Low
t1,483,1,0.9820373420883696,1,High
t1,484,1,0.9899861526728564,1,High
t1,485,0,0.6063697010140608,1,High
t1,486,0,0.039193213550289666,0,Low
t1,487,0,0.40360186186290586,1,Medium
t1,488,0,0.026969137140332562,0,Low
t1,489,0,0.08235246364884294,0,Low
t1,490,0,0.02458454560774604,0,Low
t1,491,1,0.9936901275927538,1,High
t1,492,1,0.9904719250511732,1,High
t1,493,1,0.9903126967443585,1,High
t1,494,0,0.07105243978962028,0,Low
t1,495,1,0.9937815598889014,1,High
t1,496,0,0.09444659314902788,0,Low
t1,497,0,0.07038293405214159,0,Low
t1,498,1,0.18668581519785946,0,Low
t1,499,0,0.08423242720469659,0,Low
t1,500,0,0.3880154707724389,1,Medium
t1,501,1,0.990550012995619,1,High
t1,502,0,0.10947742567636302,0,Low
t1,503,0,0.4355388463522361,1,Medium
t1,504,0,0.03172334763739193,0,Low
t1,505,0,0.04168378483119338,0,Low
t1,506,0,0.16043068828979043,0,Low
t1,507,0,0.06566111854437215,0,Low
t1,508,0,0.07770345171333776,0,Low
t1,509,0,0.05192594709354805,0,Low
t1,510,0,0.11050093293042798,0,Low
t1,511,0,0.06623892457228053,0,Low
t1,512,0,0.07939408184112232,0,Low
t1,513,1,0.9912370171990166,1,High
t1,514,1,0.99071985572819,1,High
t1,515,0,0.24344873254312552,0,Low
t1,516,0,0.0497673100839618,0,Low
t1,517,0,0.05838783312528179,0,Low
t1,518,0,0.14400044233709525,0,Low
t1,519,0,0.027460899068394704,0,Low
t1,520,0,0.1695789830695526,0,Low
t1,521,1,0.9967272480762674,1,High
t1,522,1,0.4241503901089925,1,Medium
t1,523,0,0.09702656721826769,0,Low
t1,524,1,0.9942928290488261,1,High
t1,525,0,0.19100396117205093,0,Low
t1,526,1,0.9892142186623446,1,High
t1,527,1,0.6679638813013409,1,High
t1,528,0,0.10542095366286043,0,Low
t1,529,0,0.10401119628332801,0,Low
t1,530,0,0.45346548913591606,1,Medium
t1,531,0,0.2802895216632175,0,Low
t1,532,0,0.11360492402224184,0,Low
t1,533,0,0.12193797157568818,0,Low
t1,534,0,0.06242918313246813,0,Low
t1,535,0,0.03328984618554714,0,Low
t1,536,0,0.26731914761488695,0,Low
t1,537,0,0.051826754912600366,0,Low
t1,538,0,0.07150052321762906,0,Low
t1,539,1,0.06889576100976692,0,Low
t1,540,1,0.04135293301102696,0,Low
t1,541,1,0.8421114689331903,1,High
t1,542,1,0.1705368476168315,0,Low
t1,543,1,0.029298224695256725,0,Low
t1,544,0,0.06568472171178236,0,Low
t1,545,0,0.3954638884153505,1,Medium
t1,546,1,0.9926474987579288,1,High
t1,547,0,0.4317828882463315,1,Medium
t1,548,1,0.9936721095206564,1,High
t1,549,0,0.0770070711336918,0,Low
t1,550,1,0.9960431381270299,1,High
t1,551,0,0.06509538729647686,0,Low
t1,552,1,0.2589654347191792,0,Low
t1,553,0,0.11975930983025569,0,Low
t1,554,1,0.9740663042103354,1,High
t1,555,0,0.07392469615803318,0,Low
t1,556,1,0.9905243702553863,1,High
t1,557,1,0.9899974555571847,1,High
t1,558,1,0.19881687036128556,0,Low
t1,559,1,0.9887104495851495,1,High
t1,560,0,0.3422479117421729,0,Medium
t1,561,0,0.09530866807311202,0,Low
t1,562,1,0.9963851544219587,1,High
t1,563,0,0.4761499238414878,1,Medium
t1,564,1,0.9917339255744194,1,High
t1,565,0,0.09095610566834754,0,Low
t1,566,0,0.07143848708186461,0,Low
t1,567,1,0.9844215465232953,1,High
t1,568,0,0.05845874247333327,0,Low
t1,569,1,0.9892949710128517,1,High
t1,570,0,0.05209009758328487,0,Low
t1,571,0,0.039941866115023865,0,Low
t1,572,0,0.036237379423535165,0,Low
t1,573,0,0.017431300147814036,0,Low
t1,574,0,0.09784249518133972,0,Low
t1,575,0,0.06749397776246052,0,Low
t1,576,0,0.023468579414440957,0,Low
t1,577,1,0.9872653840813839,1,High
t1,578,0,0.025969484982923417,0,Low
t1,579,1,0.8401593800510794,1,High
t1,580,1,0.9956196985149067,1,High
t1,581,1,0.197950739513791,0,Low
t1,582,1,0.9967465353553412,1,High
t1,583,1,0.9699988668209292,1,High
t1,584,0,0.023776667872912875,0,Low
t1,585,0,0.08813807696838588,0,Low
t1,586,1,0.996283455895443,1,High
t1,587,0,0.03965400261900448,0,Low
t1,588,0,0.05061897449416726,0,Low
t1,589,0,0.07956371434228167,0,Low
t1,590,1,0.9875070500997069,1,High
t1,591,1,0.9955485652560181,1,High
t1,592,1,0.9761221820866338,1,High
t1,593,1,0.994016986683918,1,High
t1,594,0,0.03872035745776268,0,Low
t1,595,0,0.042455205602971585,0,Low
t1,596,1,0.8961237492897848,1,High
t1,597,1,0.9903873074447116,1,High
t1,598,0,0.7181000380348123,1,High
t1,599,1,0.995811241409081,1,High
t1,600,0,0.10779865756767065,0,Low
t1,601,0,0.0996823639814584,0,Low
t1,602,0,0.10892305843793905,0,Low
t1,603,0,0.0816717300186016,0,Low
t1,604,1,0.07198279595202821,0,Low
t1,605,0,0.5133790308429633,1,Medium
t1,606,1,0.9598389937126769,1,High
t1,607,0,0.19038643498938168,0,Low
t1,608,0,0.3692547322353713,1,Medium
t1,609,0,0.021666993263268583,0,Low
t1,610,0,0.10085927358629394,0,Low
t1,611,1,0.9962802486636894,1,High
t1,612,0,0.10615047697711223,0,Low
t1,613,0,0.0838267308306001,0,Low
t1,614,0,0.07472959377075868,0,Low
t1,615,0,0.23791677560475752,0,Low
t1,616,0,0.06946641527842663,0,Low
t1,617,1,0.07051283642729037,0,Low
t1,618,1,0.9865718090479707,1,High
t1,619,0,0.0774027096717364,0,Low
t1,620,1,0.18459983217485643,0,Low
t1,621,0,0.17417313638821605,0,Low
t1,622,1,0.9745747276887028,1,High
t1,623,0,0.21914373471167303,0,Low
t1,624,0,0.11636472010611842,0,Low
t1,625,0,0.6915297430938854,1,High
t1,626,0,0.07635993674420508,0,Low
t1,627,1,0.9836710032053204,1,High
t1,628,1,0.9697839441964236,1,High
t1,629,1,0.5841723472072561,1,Medium
t1,630,1,0.9965037582357431,1,High
t1,631,1,0.9833819835643809,1,High
t1,632,1,0.9793446937511445,1,High
t1,633,1,0.989289174927762,1,High
t1,634,0,0.09155450746797411,0,Low
t1,635,0,0.06638628124165614,0,Low
t1,636,1,0.9873820665019487,1,High
t1,637,1,0.9963720461726268,1,High
t1,638,0,0.033987464046802855,0,Low
t1,639,0,0.06586357108817133,0,Low
t1,640,0,0.09397603052673732,0,Low
t1,641,1,0.9886672159305817,1,High
t1,642,0,0.08696282015002396,0,Low
t1,643,1,0.9891191536652642,1,High
t1,644,1,0.9952945119725821,1,High
t1,645,1,0.26640158442992173,0,Low
t1,646,0,0.06669111960115677,0,Low
t1,647,1,0.9502239712033754,1,High
t1,648,0,0.020400206385574812,0,Low
t1,649,0,0.04995437493003603,0,Low
t1,650,1,0.9510543045024139,1,High
t1,651,0,0.13100663796091058,0,Low
t1,652,0,0.05502524141782399,0,Low
t1,653,0,0.08897248112256413,0,Low
t1,654,0,0.4812023173457003,1,Medium
t1,655,0,0.08951138283951784,0,Low
t1,656,0,0.06258182062402079,0,Low
t1,657,0,0.021642160103425546,0,Low
t1,658,1,0.8455014298652754,1,High
t1,659,1,0.7391660104666958,1,High
t1,660,1,0.794766390803973,1,High
t1,661,0,0.051209854954197394,0,Low
t1,662,1,0.7887093786257892,1,High
t1,663,0,0.06257695502612402,0,Low
t1,664,0,0.06676323792466697,0,Low
t1,665,0,0.07221130138510383,0,Low
t1,666,1,0.9778338330549221,1,High
t1,667,1,0.18888457143174256,0,Low
t1,668,0,0.07811337078121,0,Low
t1,669,1,0.7335643489482732,1,High
t1,670,1,0.9965037582357431,1,High
t1,671,0,0.18332401095910403,0,Low
t1,672,1,0.6272971746845021,1,High
t1,673,0,0.047852544843973756,0,Low
t1,674,1,0.9962234503480712,1,High
t1,675,0,0.10649581125779939,0,Low
t1,676,0,0.05383224260614762,0,Low
t1,677,0,0.07829602061490525,0,Low
t1,678,0,0.1451080178357418,0,Low
t1,679,1,0.9604435718913051,1,High
t1,680,0,0.03905134112095432,0,Low
t1,681,0,0.08364978369376681,0,Low
t1,682,0,0.07020527661167664,0,Low
t1,683,0,0.0977495299020182,0,Low
t1,684,0,0.024999688666770773,0,Low
t1,685,1,0.9967044785364731,1,High
t1,686,1,0.996719770181036,1,High
t1,687,0,0.057616857598029224,0,Low
t1,688,0,0.0796033013894919,0,Low
t1,689,1,0.9959744322626815,1,High
t1,690,0,0.19480222647094048,0,Low
t1,691,0,0.02913444320655055,0,Low
t1,692,1,0.9858199009726565,1,High
t1,693,1,0.07246964017290165,0,Low
t1,694,1,0.9851133874251486,1,High
t1,695,0,0.024125069331162312,0,Low
t1,696,1,0.9954023104066566,1,High
t1,697,0,0.16354747793973,0,Low
t1,698,0,0.07777797704392714,0,Low
t1,699,0,0.02492870490705334,0,Low
t1,700,1,0.9642800225675331,1,High
t1,701,0,0.051381948020521546,0,Low
t1,702,1,0.9494742709409458,1,High
t1,703,0,0.07736287894188934,0,Low
t1,704,0,0.5520004943648426,1,Medium
t1,705,0,0.29813465899948566,0,Low
t1,706,0,0.07055365763041718,0,Low
t1,707,0,0.05690276619658299,0,Low
t1,708,0,0.0832667447827491,0,Low
t1,709,0,0.07498421274225718,0,Low
t1,710,1,0.984508990199101,1,High
t1,711,0,0.09867585345066748,0,Low
t1,712,0,0.08299501550994855,0,Low
t1,713,0,0.08356565162993465,0,Low
t1,714,1,0.990347383945021,1,High
t1,715,0,0.2951717780415217,0,Low
t1,716,1,0.7746090713006751,1,High
t1,717,1,0.8086706063602214,1,High
t1,718,1,0.9881291887209701,1,High
t1,719,0,0.14727522285729047,0,Low
t1,720,1,0.7011863216502491,1,High
t1,721,1,0.9902301937605649,1,High
t1,722,0,0.08434874392902232,0,Low
t1,723,0,0.07801707087071276,0,Low
t1,724,0,0.07251961944790623,0,Low
t1,725,0,0.1780432859569359,0,Low
t2,0,0,0.13220991027279863,0,Low
t2,1,0,0.15875413945578992,0,Low
t2,2,1,0.3648943481131793,1,Medium
t2,3,0,0.16337562640346148,0,Low
t2,4,0,0.6517450000541811,1,High
t2,5,0,0.1098706441331039,0,Low
t2,6,0,0.14661087140567644,0,Low
t2,7,1,0.9145979600573255,1,High
t2,8,0,0.35492645852009086,1,Medium
t2,9,1,0.7052037532317853,1,High
t2,10,0,0.13925893264269407,0,Low
t2,11,0,0.1272170206779217,0,Low
t2,12,0,0.13356152315313607,0,Low
t2,13,1,0.9134870448874138,1,High
t2,14,0,0.20339718602031984,0,Low
t2,15,0,0.11011470662959569,0,Low
t2,16,0,0.18395468218662847,0,Low
t2,17,0,0.12608395502238448,0,Low
t2,18,0,0.1346396794833672,0,Low
t2,19,0,0.10770954389255498,0,Low
t2,20,0,0.16025778532532356,0,Low
t2,21,1,0.5270093109951927,1,Medium
t2,22,0,0.13549748053857152,0,Low
t2,23,0,0.16905463953953456,0,Low
t2,24,0,0.18558271080757194,0,Low
t2,25,1,0.7732397160290513,1,High
t2,26,1,0.808042114293743,1,High
t2,27,1,0.9131116366917718,1,High
t2,28,1,0.9079086417362874,1,High
t2,29,0,0.3385703695750948,0,Medium
t2,30,0,0.3749317338233824,1,Medium
t2,31,0,0.4091728383209971,1,Medium
t2,32,1,0.9150714010926024,1,High
t2,33,1,0.1927760215062934,0,Low
t2,34,1,0.9142606426334693,1,High
t2,35,0,0.17685717023259084,0,Low
t2,36,1,0.9130109068865999,1,High
t2,37,0,0.16218019457310062,0,Low
t2,38,0,0.13498078141412517,0,Low
t2,39,1,0.9150306227834725,1,High
t2,40,0,0.12977951985745548,0,Low
t2,41,1,0.9150015581886857,1,High
t2,42,0,0.10457458885339284,0,Low
t2,43,0,0.12356897150507075,0,Low
t2,44,0,0.10873378954847986,0,Low
t2,45,1,0.9147860835600164,1,High
t2,46,1,0.9155272004629508,1,High
t2,47,0,0.14599648129950274,0,Low
t2,48,1,0.9158620775039004,1,High
t2,49,0,0.1522782213509659,0,Low
t2,50,1,0.9150774347608936,1,High
t2,51,0,0.14215664633968997,0,Low
t2,52,1,0.9141581628300566,1,High
t2,53,0,0.405047094948426,1,Medium
t2,54,0,0.15750951367594276,0,Low
t2,55,0,0.10955386488957933,0,Low
t2,56,1,0.8033351820813828,1,High
t2,57,0,0.13832048524641266,0,Low
t2,58,0,0.14456536127774544,0,Low
t2,59,0,0.13547780370174564,0,Low
t2,60,1,0.7324756379617248,1,High
t2,61,0,0.15965548433248708,0,Low
t2,62,0,0.1366069907453582,0,Low
t2,63,1,0.42575080110229774,1,Medium
t2,64,1,0.9142174517773495,1,High
t2,65,0,0.11899257166794776,0,Low
t2,66,0,0.11126336386884529,0,Low
t2,67,0,0.1714774192138274,0,Low
t2,68,0,0.1513584361321184,0,Low
t2,69,1,0.9155859639253172,1,High
t2,70,1,0.4686752758807883,1,Medium
t2,71,0,0.15927457950817772,0,Low
t2,72,1,0.9161707272937971,1,High
t2,73,0,0.15856283748155045,0,Low
t2,74,1,0.24265388717963504,0,Low
t2,75,1,0.9105222338972223,1,High
t2,76,0,0.14150029658338137,0,Low
t2,77,0,0.11693298180807322,0,Low
t2,78,0,0.3536168164857831,1,Medium
t2,79,0,0.1259513595071327,0,Low
t2,80,1,0.9160755124663313,1,High
t2,81,1,0.15617742558384742,0,Low
t2,82,1,0.9161467411353801,1,High
t2,83,0,0.14580556272680123,0,Low
t2,84,0,0.5059177580751368,1,Medium
t2,85,0,0.17675118805718676,0,Low
t2,86,0,0.5222474807319483,1,Medium
t2,87,0,0.1387690155286082,0,Low
t2,88,0,0.1164938349268226,0,Low
t2,89,0,0.13842041548505415,0,Low
t2,90,0,0.15150306543406367,0,Low
t2,91,0,0.14962800350915623,0,Low
t2,92,1,0.9148322482249798,1,High
t2,93,0,0.14729124678511535,0,Low
t2,94,0,0.1515486875760056,0,Low
t2,95,0,0.20994702139060764,0,Low
t2,96,0,0.1192343161755115,0,Low
t2,97,0,0.11802129925705798,0,Low
t2,98,0,0.1398581909505745,0,Low
t2,99,1,0.9135271612072365,1,High
t2,100,0,0.3740034091410828,1,Medium
t2,101,0,0.10329947091733895,0,Low
t2,102,1,0.12613457435059924,0,Low
t2,103,1,0.9113890064151821,1,High
t2,104,0,0.3101044317948887,0,Medium
t2,105,1,0.6383292542244879,1,High
t2,106,0,0.10274907595896879,0,Low
t2,107,1,0.9108128613044327,1,High
t2,108,1,0.562462692242073,1,Medium
t2,109,0,0.11257136689500881,0,Low
t2,110,1,0.8969809843538955,1,High
t2,111,0,0.11333577523501083,0,Low
t2,112,0,0.44273165572187756,1,Medium
t2,113,0,0.13416863496187367,0,Low
t2,114,0,0.13098185217700825,0,Low
t2,115,1,0.7073499803127938,1,High
t2,116,0,0.12793934741328486,0,Low
t2,117,1,0.900284003090052,1,High
t2,118,1,0.9163677531618372,1,High
t2,119,1,0.677218112604636,1,High
t2,120,0,0.10323534540308726,0,Low
t2,121,1,0.6721579568739187,1,High
t2,122,1,0.9150019947098371,1,High
t2,123,1,0.9155074227858176,1,High
t2,124,1,0.9142121111456114,1,High
t2,125,0,0.18308957218753397,0,Low
t2,126,0,0.16064635715463907,0,Low
t2,127,1,0.9145979600573255,1,High
t2,128,0,0.1199148745459932,0,Low
t2,129,1,0.9159851792936564,1,High
t2,130,0,0.11166987599902142,0,Low
t2,131,0,0.13297073845714644,0,Low
t2,132,0,0.19823522405311758,0,Low
t2,133,0,0.14884937207179497,0,Low
t2,134,1,0.9150011619130308,1,High
t2,135,1,0.9146318213006072,1,High
t2,136,1,0.8996995814969819,1,High
t2,137,0,0.32697391577366886,0,Medium
t2,138,1,0.9102814324850038,1,High
t2,139,1,0.9112977708032843,1,High
t2,140,0,0.22499672444007926,0,Low
t2,141,1,0.9121584338378567,1,High
t2,142,0,0.11780902057091196,0,Low
t2,143,1,0.9153327004777777,1,High
t2,144,0,0.1641573177882601,0,Low
t2,145,1,0.6060558921017323,1,High
t2,146,0,0.17520394709398335,0,Low
t2,147,0,0.144628622059322,0,Low
t2,148,1,0.7655777216387185,1,High
t2,149,0,0.5296469759957722,1,Medium
t2,150,0,0.25445937017611453,0,Low
t2,151,0,0.10739872746076341,0,Low
t2,152,0,0.10333344665201652,0,Low
t2,153,0,0.3551063678475734,1,Medium
t2,154,0,0.10419953345956164,0,Low
t2,155,0,0.10853790885595485,0,Low
t2,156,0,0.10348288825253003,0,Low
t2,157,0,0.12199098328419712,0,Low
t2,158,0,0.13466287791635784,0,Low
t2,159,0,0.6663108809134034,1,High
t2,160,0,0.13859336661890545,0,Low
t2,161,1,0.9134580388552836,1,High
t2,162,0,0.1754139198793951,0,Low
t2,163,1,0.8521022785543055,1,High
t2,164,0,0.13315259621242298,0,Low
t2,165,0,0.14440880791328586,0,Low
t2,166,0,0.31551337744912145,0,Medium
t2,167,1,0.8716708887210437,1,High
t2,168,1,0.9088636638611406,1,High
t2,169,0,0.5488601725653353,1,Medium
t2,170,1,0.9117128666169011,1,High
t2,171,0,0.15399870008652522,0,Low
t2,172,1,0.9128541967280303,1,High
t2,173,0,0.11736178382019823,0,Low
t2,174,0,0.14751504122733647,0,Low
t2,175,1,0.9161780949535397,1,High
t2,176,0,0.6491337756648982,1,High
t2,177,1,0.9128437910096122,1,High
t2,178,0,0.5237067917167013,1,Medium
t2,179,0,0.10509311414133585,0,Low
t2,180,1,0.9017930173517106,1,High
t2,181,1,0.9161707272937971,1,High
t2,182,0,0.14195916202077208,0,Low
t2,183,0,0.14148854361679886,0,Low
t2,184,1,0.914710055362961,1,High
t2,185,0,0.13368852804560188,0,Low
t2,186,0,0.12391475342624436,0,Low
t2,187,1,0.9137257703375721,1,High
t2,188,1,0.910317617778089,1,High
t2,189,1,0.8387467914262596,1,High
t2,190,1,0.1073814001478418,0,Low
t2,191,1,0.8894442454750333,1,High
t2,192,0,0.11489450031180239,0,Low
t2,193,1,0.9158780115981918,1,High
t2,194,1,0.9156414584786666,1,High
t2,195,0,0.12630257147767637,0,Low
t2,196,0,0.10525077850147527,0,Low
t2,197,0,0.5333622722088952,1,Medium
t2,198,0,0.13514162422633572,0,Low
t2,199,0,0.11720062341884074,0,Low
t2,200,1,0.9160135224355468,1,High
t2,201,1,0.9124130906948774,1,High
t2,202,1,0.9144319112819939,1,High
t2,203,0,0.12321020860287854,0,Low
t2,204,1,0.7767401953575063,1,High
t2,205,0,0.1420523562762553,0,Low
t2,206,1,0.912472667282774,1,High
t2,207,0,0.12938706685500598,0,Low
t2,208,0,0.11998254449213314,0,Low
t2,209,0,0.1153645475483189,0,Low
t2,210,0,0.14669045118675372,0,Low
t2,211,0,0.1758258224187384,0,Low
t2,212,1,0.9158506537021852,1,High
t2,213,0,0.14607596250715704,0,Low
t2,214,1,0.9098810357318979,1,High
t2,215,0,0.20928952798642642,0,Low
t2,216,0,0.14447783533123615,0,Low
t2,217,0,0.20701089209495843,0,Low
t2,218,0,0.11396515386461518,0,Low
t2,219,1,0.511309730074186,1,Medium
t2,220,0,0.10772081156556358,0,Low
t2,221,0,0.7276703589394258,1,High
t2,222,0,0.15285002235307085,0,Low
t2,223,0,0.2849644496999341,0,Low
t2,224,0,0.16870923500999344,0,Low
t2,225,0,0.1053685981403307,0,Low
t2,226,0,0.384552958768433,1,Medium
t2,227,0,0.10322805603791711,0,Low
t2,228,0,0.15973544087158517,0,Low
t2,229,0,0.11500405248233325,0,Low
t2,230,1,0.8262950467701687,1,High
t2,231,1,0.9073604894335215,1,High
t2,232,1,0.8532503015664127,1,High
t2,233,0,0.16966418184275076,0,Low
t2,234,0,0.14566869458556392,0,Low
t2,235,0,0.34893917532078134,1,Medium
t2,236,1,0.9054954617896243,1,High
t2,237,1,0.72697299909199,1,High
t2,238,0,0.32301919875561685,0,Medium
t2,239,1,0.9154887867642116,1,High
t2,240,0,0.11784231573447537,0,Low
t2,241,0,0.3282433999377019,0,Medium
t2,242,0,0.17789658955052295,0,Low
t2,243,0,0.13702654283750637,0,Low
t2,244,1,0.9108789315705147,1,High
t2,245,0,0.13642206407165985,0,Low
t2,246,0,0.2778048807828788,0,Low
t2,247,0,0.14398412022254917,0,Low
t2,248,0,0.1154637332455861,0,Low
t2,249,1,0.9120077324424002,1,High
t2,250,0,0.16240381738915102,0,Low
t2,251,0,0.11485316142878081,0,Low
t2,252,0,0.3296461189149103,0,Medium
t2,253,1,0.764493432551967,1,High
t2,254,1,0.6530405471029429,1,High
t2,255,0,0.16512686961261286,0,Low
t2,256,1,0.9150267550393105,1,High
t2,257,0,0.3357988117458454,0,Medium
t2,258,1,0.9141238551500795,1,High
t2,259,1,0.6606058992565982,1,High
t2,260,1,0.37154943732331613,1,Medium
t2,261,1,0.9099915049348998,1,High
t2,262,0,0.5699316138927656,1,Medium
t2,263,0,0.14158360437227868,0,Low
t2,264,0,0.11371186187887515,0,Low
t2,265,0,0.1085250109624578,0,Low
t2,266,0,0.13952051825093476,0,Low
t2,267,0,0.10847355705750737,0,Low
t2,268,1,0.9141688981370935,1,High
t2,269,0,0.1366745217214733,0,Low
t2,270,1,0.9097581062978062,1,High
t2,271,0,0.11669674361173558,0,Low
t2,272,1,0.9163372432381335,1,High
t2,273,0,0.10519344217844226,0,Low
t2,274,0,0.12144802542631351,0,Low
t2,275,0,0.3486918620602071,1,Medium
t2,276,0,0.5951701657939888,1,Medium
t2,277,0,0.39099816501831486,1,Medium
t2,278,1,0.18105302095394368,0,Low
t2,279,1,0.915718997050204,1,High
t2,280,1,0.9045728591711698,1,High
t2,281,1,0.9116740860454203,1,High
t2,282,0,0.16342600329461063,0,Low
t2,283,0,0.11683581301969752,0,Low
t2,284,0,0.1882236060790098,0,Low
t2,285,0,0.3325568964384419,0,Medium
t2,286,1,0.9144506012308784,1,High
t2,287,0,0.7374187465842128,1,High
t2,288,0,0.42270695669402286,1,Medium
t2,289,0,0.18614209370758653,0,Low
t2,290,0,0.16795229800953868,0,Low
t2,291,0,0.10322243997167903,0,Low
t2,292,1,0.4563932438572505,1,Medium
t2,293,1,0.7375115515961175,1,High
t2,294,1,0.9049526195065357,1,High
t2,295,0,0.4509254488120908,1,Medium
t2,296,0,0.24914797690712917,0,Low
t2,297,1,0.9145122547097065,1,High
t2,298,0,0.11536578816764576,0,Low
t2,299,0,0.2092215719510598,0,Low
t2,300,0,0.13135751744693244,0,Low
t2,301,0,0.10357659559751321,0,Low
t2,302,1,0.6258813735939731,1,High
t2,303,0,0.10233287973203456,0,Low
t2,304,1,0.9158543376895276,1,High
t2,305,1,0.9017063356773257,1,High
t2,306,0,0.3948014734872229,1,Medium
t2,307,1,0.9098708511398863,1,High
t2,308,1,0.9160451945939817,1,High
t2,309,0,0.15605869387981894,0,Low
t2,310,0,0.134090141641788,0,Low
t2,311,0,0.19851208643629048,0,Low
t2,312,1,0.7152049654843817,1,High
t2,313,1,0.9155440087101877,1,High
t2,314,0,0.1508892016252182,0,Low
t2,315,0,0.11772529120934416,0,Low
t2,316,1,0.8925534103658735,1,High
t2,317,0,0.43487889013919934,1,Medium
t2,318,1,0.9130490101787525,1,High
t2,319,0,0.1531126929937472,0,Low
t2,320,1,0.912478272893963,1,High
t2,321,0,0.1403723884910262,0,Low
t2,322,1,0.7335052351457249,1,High
t2,323,1,0.9126645359031437,1,High
t2,324,1,0.7709007792458363,1,High
t2,325,0,0.21606634582818232,0,Low
t2,326,0,0.29830997354514976,0,Low
t2,327,0,0.35777601899195227,1,Medium
t2,328,1,0.9138246062663109,1,High
t2,329,0,0.18714589973197407,0,Low
t2,330,1,0.6077428001571129,1,High
t2,331,0,0.14025981428184855,0,Low
t2,332,1,0.9041777684534054,1,High
t2,333,0,0.11150866702772189,0,Low
t2,334,0,0.1054864510727771,0,Low
t2,335,1,0.9160637745915189,1,High
t2,336,1,0.9121888253892205,1,High
t2,337,0,0.1095502575905972,0,Low
t2,338,1,0.11105981304760955,0,Low
t2,339,0,0.13244100395210304,0,Low
t2,340,0,0.10911068632073967,0,Low
t2,341,1,0.9156868889391027,1,High
t2,342,0,0.1684333176404801,0,Low
t2,343,1,0.9129465475158524,1,High
t2,344,0,0.13202008837920887,0,Low
t2,345,0,0.10800471273009855,0,Low
t2,346,1,0.8196361456087939,1,High
t2,347,0,0.14886626818446047,0,Low
t2,348,0,0.16230076916313024,0,Low
t2,349,1,0.7467552787225458,1,High
t2,350,0,0.13945232064472565,0,Low
t2,351,0,0.344962376080125,1,Medium
t2,352,1,0.9143645542655829,1,High
t2,353,0,0.12343612181417057,0,Low
t2,354,0,0.10841669669116927,0,Low
t2,355,1,0.5808314968046833,1,Medium
t2,356,0,0.1142702334582504,0,Low
t2,357,1,0.9151498380044489,1,High
t2,358,0,0.14971014110292993,0,Low
t2,359,0,0.14092074230646578,0,Low
t2,360,1,0.9086615373665086,1,High
t2,361,0,0.5263539191823385,1,Medium
t2,362,1,0.9133935040423217,1,High
t2,363,0,0.13733357845525543,0,Low
t2,364,0,0.10775142310177833,0,Low
t2,365,0,0.39247209060293015,1,Medium
t2,366,0,0.16101438342832566,0,Low
t2,367,1,0.7289242534737267,1,High
t2,368,0,0.2777875372514056,0,Low
t2,369,1,0.9149775755640812,1,High
t2,370,1,0.9150679459401928,1,High
t2,371,1,0.911414446458017,1,High
t2,372,0,0.10615054725703447,0,Low
t2,373,1,0.90937979093867,1,High
t2,374,0,0.11766937940755941,0,Low
t2,375,0,0.10868420468914633,0,Low
t2,376,1,0.9149775755640812,1,High
t2,377,0,0.10372725702416377,0,Low
t2,378,0,0.16930329153884185,0,Low
t2,379,1,0.6484448518923932,1,High
t2,380,0,0.13685932388124258,0,Low
t2,381,0,0.12025220313888128,0,Low
t2,382,1,0.9115492376894833,1,High
t2,383,0,0.13218041415066045,0,Low
t2,384,0,0.1112850968525683,0,Low
t2,385,1,0.9115091903901269,1,High
t2,386,1,0.9126490718075291,1,High
t2,387,0,0.1438502861408628,0,Low
t2,388,0,0.13964969225038706,0,Low
t2,389,1,0.33829109284018316,0,Medium
t2,390,0,0.1453115867296331,0,Low
t2,391,0,0.10705958983164918,0,Low
t2,392,0,0.1718142562278375,0,Low
t2,393,1,0.912251913434614,1,High
t2,394,1,0.6544857802742239,1,High
t2,395,1,0.915724348646908,1,High
t2,396,1,0.916467402438906,1,High
t2,397,0,0.13904485802395472,0,Low
t2,398,0,0.17524293067163652,0,Low
t2,399,0,0.14469426037131825,0,Low
t2,400,0,0.1282236075006706,0,Low
t2,401,0,0.18763060234484488,0,Low
t2,402,0,0.15236204097148134,0,Low
t2,403,0,0.12993859351096865,0,Low
t2,404,0,0.16574978515685537,0,Low
t2,405,0,0.10626506261815749,0,Low
t2,406,0,0.1598833871917956,0,Low
t2,407,0,0.2588797748688935,0,Low
t2,408,0,0.1194135447616924,0,Low
t2,409,1,0.5017703326457099,1,Medium
t2,410,0,0.16356951033880485,0,Low
t2,411,0,0.46528234869551865,1,Medium
t2,412,1,0.9106133172562991,1,High
t2,413,1,0.9107158732983798,1,High
t2,414,1,0.9164345978368521,1,High
t2,415,1,0.9160637745915189,1,High
t2,416,1,0.6639954784132964,1,High
t2,417,1,0.9152031969606027,1,High
t2,418,0,0.15717298035646787,0,Low
t2,419,1,0.9154738275959776,1,High
t2,420,0,0.12919563011965,0,Low
t2,421,1,0.9150080532807192,1,High
t2,422,0,0.6998425512933036,1,High
t2,423,0,0.1953989095450865,0,Low
t2,424,1,0.9152583223202858,1,High
t2,425,0,0.1295587473980928,0,Low
t2,426,1,0.9117639004539381,1,High
t2,427,0,0.13044233295906396,0,Low
t2,428,1,0.9144632620766034,1,High
t2,429,1,0.9164710618880758,1,High
t2,430,0,0.1389755636747647,0,Low
t2,431,1,0.901792636390139,1,High
t2,432,0,0.16648379063350216,0,Low
t2,433,1,0.828593051106335,1,High
t2,434,0,0.33415000683957685,0,Medium
t2,435,0,0.2951409092156784,0,Low
t2,436,1,0.9157522506992593,1,High
t2,437,0,0.11825853146504596,0,Low
t2,438,0,0.13096804567934814,0,Low
t2,439,1,0.8352239170566603,1,High
t2,440,1,0.908082621376598,1,High
t2,441,1,0.9161438245444874,1,High
t2,442,0,0.10410471588434046,0,Low
t2,443,1,0.9163412218323912,1,High
t2,444,0,0.10319259579454901,0,Low
t2,445,0,0.10363608711335144,0,Low
t2,446,1,0.1931308638047579,0,Low
t2,447,1,0.9153716782431468,1,High
t2,448,1,0.9152031969606027,1,High
t2,449,0,0.12489984574267646,0,Low
t2,450,1,0.914896874596341,1,High
t2,451,0,0.7126787376909107,1,High
t2,452,0,0.3011350997113129,0,Medium
t2,453,1,0.4012416762591923,1,Medium
t2,454,0,0.11353098028778652,0,Low
t2,455,0,0.12235735688876373,0,Low
t2,456,0,0.10436441194549835,0,Low
t2,457,0,0.15099520808137426,0,Low
t2,458,0,0.7962856241686894,1,High
t2,459,0,0.3074086645304153,0,Medium
t2,460,0,0.13525748012525238,0,Low
t2,461,0,0.1545152624058184,0,Low
t2,462,0,0.13511280263744133,0,Low
t2,463,1,0.9147163207301184,1,High
t2,464,0,0.1307905466555245,0,Low
t2,465,0,0.10857816276229476,0,Low
t2,466,1,0.9149931902719255,1,High
t2,467,1,0.8782395215879139,1,High
t2,468,0,0.1164391505132898,0,Low
t2,469,0,0.15136186274554472,0,Low
t2,470,0,0.11967439854822216,0,Low
t2,471,0,0.17218108281800826,0,Low
t2,472,0,0.11918044060856635,0,Low
t2,473,1,0.9145390189085769,1,High
t2,474,0,0.6842902330080802,1,High
t2,475,1,0.9133846533887818,1,High
t2,476,1,0.9140542864429948,1,High
t2,477,0,0.12266534913346071,0,Low
t2,478,0,0.12212349439979449,0,Low
t2,479,1,0.8986291280075849,1,High
t2,480,1,0.8493794135172944,1,High
t2,481,0,0.2924049432621316,0,Low
t2,482,0,0.16470922959429055,0,Low
t2,483,1,0.9053688314156946,1,High
t2,484,1,0.9138117541443306,1,High
t2,485,0,0.17344670102944637,0,Low
t2,486,0,0.12393597481893588,0,Low
t2,487,0,0.47397804277783906,1,Medium
t2,488,0,0.10362399930368699,0,Low
t2,489,0,0.12509044906446862,0,Low
t2,490,0,0.10827232974318429,0,Low
t2,491,1,0.9153332760970181,1,High
t2,492,1,0.9144135479284459,1,High
t2,493,1,0.9138531854594708,1,High
t2,494,0,0.12477653756254366,0,Low
t2,495,1,0.9157001588805593,1,High
t2,496,0,0.13826605049760735,0,Low
t2,497,0,0.14365801728165883,0,Low
t2,498,1,0.4416177217445778,1,Medium
t2,499,0,0.14124137052526797,0,Low
t2,500,0,0.40121353910774354,1,Medium
t2,501,1,0.91390573891149,1,High
t2,502,0,0.14540176073038588,0,Low
t2,503,0,0.2281709912257085,0,Low
t2,504,0,0.10654570494580987,0,Low
t2,505,0,0.1057349126584109,0,Low
t2,506,0,0.1913363736194912,0,Low
t2,507,0,0.1322721154323625,0,Low
t2,508,0,0.1321268915548014,0,Low
t2,509,0,0.11526468818016046,0,Low
t2,510,0,0.12785147328587662,0,Low
t2,511,0,0.10647614803776784,0,Low
t2,512,0,0.12505609469132742,0,Low
t2,513,1,0.9151332920416041,1,High
t2,514,1,0.9140348382481709,1,High
t2,515,0,0.3390680493196687,0,Medium
t2,516,0,0.11222326888681677,0,Low
t2,517,0,0.3066905558588239,0,Medium
t2,518,0,0.16491883343361122,0,Low
t2,519,0,0.10356189463718468,0,Low
t2,520,0,0.1904131995907093,0,Low
t2,521,1,0.916560255609839,1,High
t2,522,1,0.6953712500553723,1,High
t2,523,0,0.14287517636813835,0,Low
t2,524,1,0.9148197008030305,1,High
t2,525,0,0.30570460900338625,0,Medium
t2,526,1,0.9105605101907208,1,High
t2,527,1,0.6557873779924278,1,High
t2,528,0,0.1301759680623862,0,Low
t2,529,0,0.32921304472144564,0,Medium
t2,530,0,0.48689020809148637,1,Medium
t2,531,0,0.16657175276762642,0,Low
t2,532,0,0.15427188574666825,0,Low
t2,533,0,0.18502923982615394,0,Low
t2,534,0,0.13544968453421694,0,Low
t2,535,0,0.10759188162011477,0,Low
t2,536,0,0.349938721732924,1,Medium
t2,537,0,0.10990490292321105,0,Low
t2,538,0,0.15628920105675254,0,Low
t2,539,1,0.5594677472760529,1,Medium
t2,540,1,0.8887988845843956,1,High
t2,541,1,0.7266263380833733,1,High
t2,542,1,0.15507973482662682,0,Low
t2,543,1,0.10670273702730657,0,Low
t2,544,0,0.10621986424241363,0,Low
t2,545,0,0.3091214624111205,0,Medium
t2,546,1,0.910848546827779,1,High
t2,547,0,0.16342230904912344,0,Low
t2,548,1,0.9152633190486983,1,High
t2,549,0,0.1545359980805579,0,Low
t2,550,1,0.9152844585428029,1,High
t2,551,0,0.1467857462899956,0,Low
t2,552,1,0.23927720975305983,0,Low
t2,553,0,0.13805265735899985,0,Low
t2,554,1,0.904616968905455,1,High
t2,555,0,0.15430173628387253,0,Low
t2,556,1,0.9142121111456114,1,High
t2,557,1,0.9150423689414516,1,High
t2,558,1,0.9081579722349691,1,High
t2,559,1,0.9125299294965566,1,High
t2,560,0,0.17167590034499372,0,Low
t2,561,0,0.20208885098591264,0,Low
t2,562,1,0.9125333053853508,1,High
t2,563,0,0.24479615420743847,0,Low
t2,564,1,0.9132911202712084,1,High
t2,565,0,0.12427540646541226,0,Low
t2,566,0,0.14841860788062797,0,Low
t2,567,1,0.9151124932523119,1,High
t2,568,0,0.10510939268501769,0,Low
t2,569,1,0.915312072607964,1,High
t2,570,0,0.10355131857549749,0,Low
t2,571,0,0.10988523002040557,0,Low
t2,572,0,0.10700341812612113,0,Low
t2,573,0,0.10296950297352833,0,Low
t2,574,0,0.14050837858142876,0,Low
t2,575,0,0.2567647717323405,0,Low
t2,576,0,0.1385878761396061,0,Low
t2,577,1,0.913076909545483,1,High
t2,578,0,0.11042715371848695,0,Low
t2,579,1,0.7906564325773512,1,High
t2,580,1,0.914675521808107,1,High
t2,581,1,0.25658396538405076,0,Low
t2,582,1,0.916467402438906,1,High
t2,583,1,0.9116718274278091,1,High
t2,584,0,0.10279187763544809,0,Low
t2,585,0,0.1448011433545115,0,Low
t2,586,1,0.9161345128348855,1,High
t2,587,0,0.10850031762734734,0,Low
t2,588,0,0.10609796872121427,0,Low
t2,589,0,0.14069660863894456,0,Low
t2,590,1,0.9137631654245694,1,High
t2,591,1,0.9155711523794277,1,High
t2,592,1,0.9118671412598306,1,High
t2,593,1,0.9158834550642849,1,High
t2,594,0,0.10293709533297675,0,Low
t2,595,0,0.1216225883019642,0,Low
t2,596,1,0.8108303437364632,1,High
t2,597,1,0.914869242041261,1,High
t2,598,0,0.7336361414134039,1,High
t2,599,1,0.9164500944253539,1,High
t2,600,0,0.18086928914461645,0,Low
t2,601,0,0.11317952794867485,0,Low
t2,602,0,0.14012767821121866,0,Low
t2,603,0,0.13692175042348992,0,Low
t2,604,1,0.9042918515958754,1,High
t2,605,0,0.153565377071087,0,Low
t2,606,1,0.8900450485000135,1,High
t2,607,0,0.29883414565947397,0,Low
t2,608,0,0.3559659518853263,1,Medium
t2,609,0,0.10294449166064173,0,Low
t2,610,0,0.16177938075530335,0,Low
t2,611,1,0.9162296668457796,1,High
t2,612,0,0.12087741170325908,0,Low
t2,613,0,0.1176872106720259,0,Low
t2,614,0,0.1329264922677735,0,Low
t2,615,0,0.16984650226603476,0,Low
t2,616,0,0.10801797230811418,0,Low
t2,617,1,0.15404940747220805,0,Low
t2,618,1,0.9139605907167977,1,High
t2,619,0,0.17208567409782827,0,Low
t2,620,1,0.9081614204844798,1,High
t2,621,0,0.23203841186414,0,Low
t2,622,1,0.8063351206190383,1,High
t2,623,0,0.20141433194502925,0,Low
t2,624,0,0.12141602011909915,0,Low
t2,625,0,0.3336728320332307,0,Medium
t2,626,0,0.12607906059332077,0,Low
t2,627,1,0.8507443722683234,1,High
t2,628,1,0.9066961198696751,1,High
t2,629,1,0.5612100561227762,1,Medium
t2,630,1,0.9160637745915189,1,High
t2,631,1,0.9118729879414981,1,High
t2,632,1,0.9137215192065531,1,High
t2,633,1,0.9142606426334693,1,High
t2,634,0,0.22605874160345416,0,Low
t2,635,0,0.11322339759989354,0,Low
t2,636,1,0.9103441787910188,1,High
t2,637,1,0.9149168498532996,1,High
t2,638,0,0.11003498386114917,0,Low
t2,639,0,0.11273251550000554,0,Low
t2,640,0,0.10839690083742842,0,Low
t2,641,1,0.9106409106487228,1,High
t2,642,0,0.10306989821334026,0,Low
t2,643,1,0.9138528102176292,1,High
t2,644,1,0.9152033236300461,1,High
t2,645,1,0.23372663748246894,0,Low
t2,646,0,0.11573187764692974,0,Low
t2,647,1,0.6992503168832575,1,High
t2,648,0,0.101503267291798,0,Low
t2,649,0,0.14181374826870333,0,Low
t2,650,1,0.9112017880521859,1,High
t2,651,0,0.12902621221917293,0,Low
t2,652,0,0.12088195454398747,0,Low
t2,653,0,0.1683715068930951,0,Low
t2,654,0,0.6202665241243108,1,High
t2,655,0,0.15350889066416934,0,Low
t2,656,0,0.12594282885316171,0,Low
t2,657,0,0.12570156195916005,0,Low
t2,658,1,0.708607523794966,1,High
t2,659,1,0.8902376651096408,1,High
t2,660,1,0.6915396572075446,1,High
t2,661,0,0.11133004450342311,0,Low
t2,662,1,0.8601873847981752,1,High
t2,663,0,0.1722288924231835,0,Low
t2,664,0,0.1425097295750097,0,Low
t2,665,0,0.14185019199955193,0,Low
t2,666,1,0.9122724223702979,1,High
t2,667,1,0.3536133504225588,1,Medium
t2,668,0,0.15606190547049165,0,Low
t2,669,1,0.6824472875819598,1,High
t2,670,1,0.9143018288938257,1,High
t2,671,0,0.1778939309590257,0,Low
t2,672,1,0.7736569446892143,1,High
t2,673,0,0.10410647324684374,0,Low
t2,674,1,0.9156134743084903,1,High
t2,675,0,0.11370340264384399,0,Low
t2,676,0,0.10372725702416377,0,Low
t2,677,0,0.12037955289643273,0,Low
t2,678,0,0.2426366066179967,0,Low
t2,679,1,0.7360468101934227,1,High
t2,680,0,0.10627155797463311,0,Low
t2,681,0,0.12067212168368678,0,Low
t2,682,0,0.12980112918206058,0,Low
t2,683,0,0.11232894698011944,0,Low
t2,684,0,0.10801477033310605,0,Low
t2,685,1,0.9162333357578846,1,High
t2,686,1,0.9156080149808884,1,High
t2,687,0,0.1498938561229497,0,Low
t2,688,0,0.13034877498733113,0,Low
t2,689,1,0.9153012194729131,1,High
t2,690,0,0.1847981144802753,0,Low
t2,691,0,0.11686693595348861,0,Low
t2,692,1,0.9096263170741593,1,High
t2,693,1,0.14749415599989837,0,Low
t2,694,1,0.914484987506003,1,High
t2,695,0,0.10402147601751857,0,Low
t2,696,1,0.9153211969548245,1,High
t2,697,0,0.1624265045512626,0,Low
t2,698,0,0.1303822347825749,0,Low
t2,699,0,0.10699718200848209,0,Low
t2,700,1,0.8680364932081865,1,High
t2,701,0,0.11123550163348199,0,Low
t2,702,1,0.9093761923103361,1,High
t2,703,0,0.1345401625405337,0,Low
t2,704,0,0.1690471814727564,0,Low
t2,705,0,0.18789317962600782,0,Low
t2,706,0,0.18295392525977922,0,Low
t2,707,0,0.11510933889058106,0,Low
t2,708,0,0.2025492228708681,0,Low
t2,709,0,0.12485166244302837,0,Low
t2,710,1,0.913331528961282,1,High
t2,711,0,0.13361652842753974,0,Low
t2,712,0,0.1316755395894244,0,Low
t2,713,0,0.1592182189927717,0,Low
t2,714,1,0.9146033698091628,1,High
t2,715,0,0.16094069002299552,0,Low
t2,716,1,0.8942888179232154,1,High
t2,717,1,0.9092045941191,1,High
t2,718,1,0.9146544746652903,1,High
t2,719,0,0.2893971597061868,0,Low
t2,720,1,0.9045432518726906,1,High
t2,721,1,0.9131744280940484,1,High
t2,722,0,0.15998173122253687,0,Low
t2,723,0,0.1276079675068102,0,Low
t2,724,0,0.11630427704943871,0,Low
t2,725,0,0.1561688733041313,0,Low
